ID,Name,Manufacturer,Socket,Form Factor,Chipset,Memory Max,Memory Type,Memory Slots,PCI-E x16 Slots,PCI-E x8 Slots,PCI-E x4 Slots,PCI-E x1 Slots,PCI Slots,M.1 Slot1,M.2 Slot2,M.2 Slot3,M.2 Slot4,M.2 Slot5,mSATA Slots,Onboard Ethernet,SATA 6 Gb/s,Onboard Video,USB 2.0,USB 3.2 Gen 1,USB 3.2 Gen 2,USB 3.2 Gen 2x2,Supports ECC,Wireless Networking,RAID Support,Class
M1,ASRock X570 Phantom Gaming 4S ATX AM4,ASRock,AM4,3,8,128,DDR4,4,2,0,0,2,0,2280/22110 M-key,2230 E-key,2280/22110 M-key,None,None,0,1 x 1000 Mbit/s,8,Depends on CPU,1,2,0,0,No,1,Yes,
M2,ASRock X570 Taichi ATX AM4,ASRock,AM4,3,8,128,DDR4,4,3,0,0,2,0,2242/2260/2280 M-key,2260/2280 M-key,2230/2242/2260/2280/22110 M-key,None,None,0,1 x 1000 Mbit/s,8,Depends on CPU,2,1,1,0,No,3,Yes,
M3,ASRock X570 Phantom Gaming 4 ATX,ASRock,AM4,3,8,128,DDR4,4,2,0,0,2,0,2230/2242/2260/2280/22110 M-key,2230 E-key,2230/2242/2260/2280/22110 M-key,None,None,0,1 x 1000 Mbit/s,8,Depends on CPU,1,2,0,0,No,1,Yes,
M4,ASRock X570 Steel Legend ATX AM4,ASRock,AM4,3,8,128,DDR4,4,2,0,0,3,0,2230/2242/2260/2280 M-key,2230/2242/2260/2280/22110 M-key,2230 E-key,None,None,0,1 x 1000 Mbit/s,8,Depends on CPU,2,2,0,0,No,1,Yes,
M5,ASRock X570 Phantom Gaming X ATX AM4,ASRock,AM4,3,8,128,DDR4,4,3,0,0,2,0,2242/2260/2280 M-key,2260/2280 M-key,2230/2242/2260/2280/22110 M-key,2230 E-key,None,0,1 x 1000 Mbit/s,8,Depends on CPU,2,1,1,0,No,3,Yes,
M6,ASRock X570 Steel Legend WiFi ax ATX AM4,ASRock,AM4,3,8,128,DDR4,4,2,0,0,3,0,2230/2242/2260/2280 M-key,2230/2242/2260/2280/22110 M-key,2230 E-key,None,None,0,1 x 1000 Mbit/s,8,Depends on CPU,2,2,0,0,No,3,Yes,
M7,ASRock X570 PHANTOM GAMING 4 WIFI ax ATX AM4,ASRock,AM4,3,8,128,DDR4,4,2,0,0,2,0,2230/2242/2260/2280/22110 M-key,2230/2242/2260/2280/22110 M-key,None,None,None,0,1 x 1000 Mbit/s,8,Depends on CPU,1,2,0,0,No,3,Yes,
M8,ASRock X570 PG Velocita ATX AM4,ASRock,AM4,3,8,128,DDR4,4,2,0,0,3,0,2230/2242/2260/2280 M-key,2230/2242/2260/2280 M-key,None,None,None,0,1 x 2.5 Gbit/s,8,Depends on CPU,2,2,1,0,No,3,Yes,
M9,ASRock X570 Pro4 ATX AM4,ASRock,AM4,3,8,128,DDR4,4,2,0,0,2,0,2230/2242/2260/2280/22110 M-key,2230 E-key,2230/2242/2260/2280/22110 M-key,None,None,0,1 x 1000 Mbit/s,8,Depends on CPU,1,2,0,0,No,1,Yes,
M10,ASRock X570 Taichi Razer Edition ATX AM4,ASRock,AM4,3,8,128,DDR4,4,3,0,0,1,0,2230/2242/2260/2280/22110 M-key,2230 E-key,2230/2242/2260/2280/22110 M-key,None,None,0,1 x 1000 Mbit/s,8,Depends on CPU,1,2,0,0,No,1,Yes,
M11,ASRock X570 Extreme4 ATX AM4,ASRock,AM4,3,8,128,DDR4,4,2,0,0,3,0,2230/2242/2260/2280 M-key,2230/2242/2260/2280 M-key,2230 E-key,None,None,0,1 x 1000 Mbit/s,8,Depends on CPU,2,2,1,0,No,1,Yes,
M12,ASRock X570 Extreme4 WiFi ax ATX AM4,ASRock,AM4,3,8,128,DDR4,4,2,0,0,3,0,2230/2242/2260/2280 M-key,2230/2242/2260/2280/22110 M-key,2230 E-key,None,None,0,1 x 1000 Mbit/s,8,Depends on CPU,2,2,1,0,No,3,Yes,
M13,ASRock X570 Extreme4 WiFi ax ATX AM4,ASRock,AM4,3,8,128,DDR4,4,2,0,0,3,0,2230/2242/2260/2280 M-key,2230/2242/2260/2280/22110 M-key,2230 E-key,None,None,0,1 x 1000 Mbit/s,8,Depends on CPU,2,2,1,0,No,3,Yes,
M14,Gigabyte X570 AORUS ELITE WIFI ATX AM4,Gigabyte,AM4,3,8,128,DDR4,4,2,0,0,0,0,2242/2260/2280/22110 M-key,2242/2260/2280/22110 M-key,None,None,None,0,1 x 1000 Mbit/s,6,Depends on CPU,2,2,1,0,No,2,Yes,
M15,Gigabyte X570 AORUS MASTER ATX AM4,Gigabyte,AM4,3,8,128,DDR4,4,3,0,0,1,0,2242/2260/2280/22110 M-key,2242/2260/2280/22110 M-key,2242/2260/2280 M-key,None,None,0,"1 x 1000 Mbit/s, 1 x 2.5 Gbit/s",6,No,2,2,1,0,No,3,Yes,
M16,Gigabyte X570 AORUS ELITE ATX AM4,Gigabyte,AM4,3,8,128,DDR4,4,2,0,0,2,0,2242/2260/2280/22110 M-key,2242/2260/2280/22110 M-key,None,None,None,0,1 x 1000 Mbit/s,6,Depends on CPU,2,2,1,0,No,1,Yes,
M17,Gigabyte X570 AORUS PRO WIFI ATX AM4,Gigabyte,AM4,3,8,128,DDR4,4,3,0,0,2,0,2242/2260/2280/22110 M-key,2242/2260/2280/22110 M-key,None,None,None,0,1 x 1000 Mbit/s,6,Depends on CPU,2,2,1,0,No,3,Yes,
M18,Gigabyte X570 AORUS ULTRA ATX AM4,Gigabyte,AM4,3,8,128,DDR4,4,3,0,0,2,0,2242/2260/2280/22110 M-key,2242/2260/2280/22110 M-key,None,None,None,0,1 x 1000 Mbit/s,6,Depends on CPU,2,2,1,0,No,3,Yes,
M19,Gigabyte X570 GAMING X ATX AM4,Gigabyte,AM4,3,8,128,DDR4,4,2,0,0,3,0,2242/2260/2280/22110 M-key,2242/2260/2280/22110 M-key,None,None,None,0,1 x 1000 Mbit/s,6,Depends on CPU,2,2,0,0,No,1,Yes,
M20,Gigabyte X570 UD ATX AM4,Gigabyte,AM4,3,8,128,DDR4,4,3,0,0,2,0,2242/2260/2280/22110 M-key,None,None,None,None,0,1 x 1000 Mbit/s,6,Depends on CPU,2,2,0,0,No,1,Yes,
M21,Gigabyte X570 AORUS PRO ATX AM4,Gigabyte,AM4,3,8,128,DDR4,4,3,0,0,2,0,2242/2260/2280/22110 M-key,2242/2260/2280/22110 M-key,None,None,None,0,1 x 1000 Mbit/s,6,Depends on CPU,2,2,1,0,No,1,Yes,
M22,Asus TUF GAMING X570-PLUS (WI-FI) ATX AM4,Asus,AM4,3,8,128,DDR4,4,2,0,0,2,0,2242/2260/2280/22110 M-key,2242/2260/2280/22110 M-key,None,None,None,0,1 x 1000 Mbit/s,8,Depends on CPU,2,1,0,0,No,2,Yes,
M23,Asus ROG Strix X570-E Gaming ATX AM4,Asus,AM4,3,8,128,DDR4,4,3,0,0,2,0,2242/2260/2280/22110 M-key,2242/2260/2280/22110 M-key,None,None,None,0,"1 x 1000 Mbit/s, 1 x 2.5 Gbit/s",8,Depends on CPU,2,1,1,0,No,3,Yes,
M24,Asus ROG Crosshair VIII Dark Hero ATX AM4,Asus,AM4,3,8,128,DDR4,4,3,0,0,1,0,2242/2260/2280 M-key,2242/2260/2280/22110 M-key,None,None,None,0,"1 x 1000 Mbit/s, 1 x 2.5 Gbit/s",8,Depends on CPU,2,1,1,0,No,3,Yes,
M25,Asus PRIME X570-PRO ATX AM4,Asus,AM4,3,8,128,DDR4,4,3,0,0,3,0,2242/2260/2280/22110 M-key,2242/2260/2280/22110 M-key,None,None,None,0,1 x 1000 Mbit/s,6,Depends on CPU,2,1,1,0,No,1,Yes,
M26,Asus ROG Crosshair VIII Hero (WI-FI) ATX AM4,Asus,AM4,3,8,128,DDR4,4,3,0,0,1,0,2242/2260/2280 M-key,2242/2260/2280/22110 M-key,None,None,None,0,"1 x 1000 Mbit/s, 1 x 2.5 Gbit/s",8,No,2,1,1,0,No,3,Yes,
M27,Asus ROG Crosshair VIII Hero ATX AM4,Asus,AM4,3,8,128,DDR4,4,3,0,0,1,0,2242/2260/2280 M-key,2242/2260/2280/22110 M-key,None,None,None,0,"1 x 1000 Mbit/s, 1 x 2.5 Gbit/s",8,No,2,1,1,0,No,1,Yes,
M28,Asus TUF GAMING X570-PLUS ATX AM4,Asus,AM4,3,8,128,DDR4,4,2,0,0,3,0,2242/2260/2280/22110 M-key,2242/2260/2280/22110 M-key,None,None,None,0,1 x 1000 Mbit/s,8,Depends on CPU,2,1,0,0,No,1,Yes,
M29,Asus ROG Crosshair VIII Formula ATX AM4,Asus,AM4,3,8,128,DDR4,4,3,0,0,1,0,2242/2260/2280 M-key,2242/2260/2280/22110 M-key,None,None,None,0,"1 x 1000 Mbit/s, 1 x 5 Gbit/s",8,No,2,2,1,0,No,3,Yes,
M30,Asus PRIME X570-P ATX AM4,Asus,AM4,3,8,128,DDR4,4,2,0,0,3,0,2242/2260/2280/22110 M-key,2242/2260/2280 M-key,None,None,None,0,1 x 1000 Mbit/s,6,Depends on CPU,2,2,0,0,No,1,Yes,
M31,Asus ROG Strix X570-F Gaming ATX AM4,Asus,AM4,3,8,128,DDR4,4,3,0,0,2,0,2242/2260/2280/22110 M-key,2242/2260/2280/22110 M-key,None,None,None,0,1 x 1000 Mbit/s,8,Depends on CPU,2,1,1,0,No,1,Yes,
M32,Asus TUF GAMING X570-PRO (WI-FI) ATX AM4,Asus,AM4,3,8,128,DDR4,4,2,0,0,2,0,2242/2260/2280/22110 M-key,2242/2260/2280/22110 M-key,None,None,None,0,1 x 2.5 Gbit/s,8,Depends on CPU,2,1,1,0,No,3,Yes,
M33,Asus Pro WS X570-ACE ATX AM4,Asus,AM4,3,8,128,DDR4,4,3,0,0,1,0,2242/2260/2280/22110 M-key,2242/2260/2280 M-key,None,None,None,0,1 x 1000 Mbit/s,4,Depends on CPU,2,2,0,0,No,1,Yes,
M34,Asus PRIME X570-P/CSM ATX AM4,Asus,AM4,3,8,128,DDR4,4,2,0,0,3,0,2242/2260/2280/22110 M-key,2242/2260/2280 M-key,None,None,None,0,1 x 1000 Mbit/s,6,Depends on CPU,2,2,0,0,No,1,Yes,
M35,ASRock B550 Phantom Gaming 4 ATX AM4,ASRock,AM4,3,5,128,DDR4,4,2,0,0,2,0,2260/2280/22110 M-key,2242/2260/2280 M-key,2230 E-key,None,None,0,1 x 1000 Mbit/s,6,Depends on CPU,2,1,0,0,No,1,Yes,
M36,ASRock B550 Pro4 ATX AM4,ASRock,AM4,3,5,128,DDR4,4,2,0,0,2,0,2260/2280/22110 M-key,2242/2260/2280 M-key,2230 E-key,None,None,0,1 x 1000 Mbit/s,6,Depends on CPU,2,1,0,0,No,1,Yes,
M37,ASRock B550 Phantom Gaming 4/ac ATX AM4,ASRock,AM4,3,5,128,DDR4,4,2,0,0,2,0,2260/2280/22110 M-key,2242/2260/2280 M-key,2230 E-key,None,None,0,1 x 1000 Mbit/s,4,Depends on CPU,2,1,0,0,No,2,Yes,
M38,ASRock B550 Steel Legend ATX AM4,ASRock,AM4,3,5,128,DDR4,4,2,0,0,2,0,2230/2242/2260/2280 M-key,2230/2242/2260/2280/22110 M-key,2230 E-key,None,None,0,1 x 2.5 Gbit/s,6,Depends on CPU,2,1,1,0,No,1,Yes,
M39,ASRock B550 Extreme4 ATX AM4,ASRock,AM4,3,5,128,DDR4,4,2,0,0,2,0,2230/2242/2260/2280 M-key,2230/2242/2260/2280/22110 M-key,2230 E-key,None,None,0,1 x 2.5 Gbit/s,6,Depends on CPU,2,1,1,0,No,1,Yes,
M40,ASRock B550 Taichi ATX AM4,ASRock,AM4,3,5,128,DDR4,4,3,0,0,2,0,2242/2260/2280 M-key,2242/2260/2280/22110 M-key,2230 E-key,None,None,0,1 x 2.5 Gbit/s,8,Depends on CPU,2,2,1,0,No,3,Yes,
M41,ASRock B550 PG Velocita ATX AM4,ASRock,AM4,3,5,128,DDR4,4,2,0,0,2,0,2230/2242/2260/2280 M-key,2230/2242/2260/2280/22110 M-key,2230 E-key,None,None,0,1 x 2.5 Gbit/s,6,Depends on CPU,2,1,1,0,No,1,Yes,
M42,ASRock B550 Taichi Razer Edition ATX AM4,ASRock,AM4,3,5,128,DDR4,4,3,0,0,2,0,2242/2260/2280 M-key,2242/2260/2280/22110 M-key,2230 E-key,None,None,0,1 x 2.5 Gbit/s,8,Depends on CPU,2,2,1,0,No,3,Yes,
M43,Gigabyte B550 VISION D ATX AM4,Gigabyte,AM4,3,5,128,DDR4,4,3,0,0,0,0,2242/2260/2280/22110 M-key,2242/2260/2280/22110 M-key,2230 E-key,None,None,0,2 x 1000 Mbit/s,6,Depends on CPU,2,1,0,0,No,3,Yes,
M44,Gigabyte B550 AORUS ELITE ATX AM4,Gigabyte,AM4,3,5,128,DDR4,4,3,0,0,1,0,2242/2260/2280/22110 M-key,2242/2260/2280/22110 M-key,None,None,None,0,1 x 2.5 Gbit/s,4,Depends on CPU,2,1,0,0,No,1,Yes,
M45,Gigabyte B550 AORUS PRO AC ATX AM4,Gigabyte,AM4,3,5,128,DDR4,4,3,0,0,2,0,2242/2260/2280/22110 M-key,2242/2260/2280/22110 M-key,None,None,None,0,1 x 2.5 Gbit/s,6,Depends on CPU,2,1,0,0,No,2,Yes,
M46,Gigabyte B550 AORUS ELITE AX V2 ATX AM4,Gigabyte,AM4,3,5,128,DDR4,4,3,0,0,0,0,2242/2260/2280/22110 M-key,2242/2260/2280/22110 M-key,None,None,None,0,1 x 2.5 Gbit/s,4,Depends on CPU,2,1,1,0,No,3,Yes,
M47,Gigabyte B550 AORUS ELITE V2 ATX AM4,Gigabyte,AM4,3,5,128,DDR4,4,3,0,0,1,0,2242/2260/2280/22110 M-key,2242/2260/2280/22110 M-key,None,None,None,0,1 x 2.5 Gbit/s,4,Depends on CPU,2,1,1,0,No,1,Yes,
M48,Gigabyte B550 GAMING X ATX AM4,Gigabyte,AM4,3,5,128,DDR4,4,2,0,0,3,0,2242/2260/2280/22110 M-key,2242/2260/2280/22110 M-key,None,None,None,0,1 x 1000 Mbit/s,4,Depends on CPU,2,1,0,0,No,1,Yes,
M49,Gigabyte B550 AORUS MASTER ATX AM4,Gigabyte,AM4,3,5,128,DDR4,4,3,0,0,0,0,2242/2280/22110 M-key,2242/2280/22110 M-key,2242/2280/22110 M-key,None,None,0,1 x 2.5 Gbit/s,6,Depends on CPU,2,1,0,0,No,3,Yes,
M50,Gigabyte B550 AORUS PRO ATX AM4,Gigabyte,AM4,3,5,128,DDR4,4,3,0,0,2,0,2242/2260/2280/22110 M-key,2242/2260/2280/22110 M-key,None,None,None,0,1 x 2.5 Gbit/s,6,Depends on CPU,2,1,0,0,No,1,Yes,
M51,Gigabyte B550 AORUS PRO V2 ATX AM4,Gigabyte,AM4,3,5,128,DDR4,4,3,0,0,2,0,2242/2260/2280/22110 M-key,2242/2260/2280/22110 M-key,None,None,None,0,1 x 2.5 Gbit/s,6,Depends on CPU,2,1,1,0,No,1,Yes,
M52,Gigabyte B550 AORUS ELITE AX ATX AM4,Gigabyte,AM4,3,5,128,DDR4,4,3,0,0,1,0,2242/2260/2280/22110 M-key,2242/2260/2280/22110 M-key,None,None,None,0,1 x 2.5 Gbit/s,4,Depends on CPU,2,1,0,0,No,3,Yes,
M53,Gigabyte B550 AORUS PRO AX ATX AM4,Gigabyte,AM4,3,5,128,DDR4,4,3,0,0,2,0,2242/2260/2280/22110 M-key,2242/2260/2280/22110 M-key,None,None,None,0,1 x 2.5 Gbit/s,6,Depends on CPU,2,1,1,0,No,3,Yes,
M54,Asus ROG STRIX B550-F GAMING (WI-FI) ATX AM4,Asus,AM4,3,5,128,DDR4,4,2,0,0,3,0,2242/2260/2280/22110 M-key,2242/2260/2280/22110 M-key,None,None,None,0,1 x 2.5 Gbit/s,6,Depends on CPU,2,1,0,0,No,3,Yes,
M55,Asus ROG STRIX B550-A GAMING ATX AM4,Asus,AM4,3,5,128,DDR4,4,2,0,0,3,0,2242/2260/2280/22110 M-key,2242/2260/2280/22110 M-key,None,None,None,0,1 x 2.5 Gbit/s,6,Depends on CPU,2,1,0,0,No,1,Yes,
M56,Asus ROG STRIX B550-F GAMING ATX AM4,Asus,AM4,3,5,128,DDR4,4,2,0,0,3,0,2242/2260/2280/22110 M-key,2242/2260/2280/22110 M-key,None,None,None,0,1 x 2.5 Gbit/s,6,Depends on CPU,2,1,0,0,No,1,Yes,
M57,Asus ROG STRIX B550-E GAMING ATX AM4,Asus,AM4,3,5,128,DDR4,4,3,0,0,2,0,2242/2260/2280/22110 M-key,2242/2260/2280/22110 M-key,None,None,None,0,1 x 2.5 Gbit/s,6,Depends on CPU,2,1,1,0,No,3,Yes,
M58,Asus TUF GAMING B550-PLUS ATX AM4,Asus,AM4,3,5,128,DDR4,4,2,0,0,3,0,2242/2260/2280/22110 M-key,2242/2260/2280/22110 M-key,2230 E-key,None,None,0,1 x 2.5 Gbit/s,6,Depends on CPU,2,1,0,0,No,1,Yes,
M59,Asus TUF GAMING B550-PLUS (WI-FI) ATX AM4,Asus,AM4,3,5,128,DDR4,4,2,0,0,3,0,2242/2260/2280/22110 M-key,2242/2260/2280/22110 M-key,None,None,None,0,1 x 2.5 Gbit/s,6,Depends on CPU,2,1,0,0,No,3,Yes,
M60,Asus PRIME B550-PLUS ATX AM4,Asus,AM4,3,5,128,DDR4,4,2,0,0,3,0,2242/2260/2280/22110 M-key,2242/2260/2280/22110 M-key,None,None,None,0,1 x 1000 Mbit/s,6,Depends on CPU,2,1,0,0,No,1,Yes,
M61,MSI MPG B550 GAMING PLUS ATX AM4,MSI,AM4,3,5,128,DDR4,4,2,0,0,2,0,2242/2260/2280/22110 M-key,2242/2260/2280 M-key,None,None,None,0,1 x 1000 Mbit/s,6,Depends on CPU,2,1,1,0,No,1,Yes,
M62,MSI B550-A PRO ATX AM4,MSI,AM4,3,5,128,DDR4,4,2,0,0,2,0,2242/2260/2280/22110 M-key,2242/2260/2280 M-key,None,None,None,0,1 x 1000 Mbit/s,6,Depends on CPU,2,1,1,0,No,1,Yes,
M63,MSI MAG B550 TOMAHAWK ATX AM4,MSI,AM4,3,5,128,DDR4,4,2,0,0,2,0,2242/2260/2280/22110 M-key,2242/2260/2280 M-key,None,None,None,0,"1 x 1000 Mbit/s, 1 x 2.5 Gbit/s",6,Depends on CPU,2,1,1,0,No,1,Yes,
M64,MSI MPG B550 GAMING EDGE WIFI ATX AM4,MSI,AM4,3,5,128,DDR4,4,2,0,0,2,0,2242/2260/2280/22110 M-key,2242/2260/2280 M-key,2230 E-key,None,None,0,1 x 2.5 Gbit/s,6,Depends on CPU,2,1,1,0,No,3,Yes,
M65,MSI MPG B550 GAMING CARBON WIFI ATX AM4,MSI,AM4,3,5,128,DDR4,4,2,0,0,3,0,2242/2260/2280 M-key,2242/2260/2280/22110 M-key,2230 E-key,None,None,0,1 x 2.5 Gbit/s,6,Depends on CPU,2,1,1,0,No,3,Yes,
M66,MSI MEG B550 UNIFY ATX AM4,MSI,AM4,3,5,128,DDR4,4,2,0,0,2,0,2280/22110 M-key,2280 M-key,2280/22110 M-key,2280 M-key,None,0,1 x 2.5 Gbit/s,6,Depends on CPU,2,1,1,0,No,3,Yes,
M67,MSI MEG B550 UNIFY-X ATX AM4,MSI,AM4,3,5,128,DDR4,4,2,0,0,2,0,2280/22110 M-key,2280 M-key,2280/22110 M-key,2280 M-key,None,0,1 x 2.5 Gbit/s,6,Depends on CPU,2,1,1,0,No,3,Yes,
M68,ASRock A520M-HDV Micro ATX AM4,ASRock,AM4,2,2,64,DDR4,2,1,0,0,1,0,2242/2260/2280 M-key,None,None,None,None,0,1 x 1000 Mbit/s,4,Depends on CPU,2,1,0,0,No,1,Yes,
M69,Gigabyte A520M AORUS ELITE Micro ATX AM4,Gigabyte,AM4,2,2,128,DDR4,4,1,0,0,2,0,2242/2260/2280 M-key,None,None,None,None,0,1 x 1000 Mbit/s,4,Depends on CPU,1,1,0,0,No,1,Yes,
M70,Gigabyte A520I AC Mini ITX AM4,Gigabyte,AM4,1,2,64,DDR4,2,1,0,0,0,0,2260/2280 M-key,None,None,None,None,0,1 x 1000 Mbit/s,4,Depends on CPU,1,0,0,0,No,2,Yes,
M71,ASRock A520M/ac Micro ATX AM4,ASRock,AM4,2,2,64,DDR4,2,1,0,0,1,0,2242/2260/2280 M-key,2280 M-key,None,None,None,0,1 x 1000 Mbit/s,4,Depends on CPU,2,1,0,0,No,2,Yes,
M72,Gigabyte A520 AORUS ELITE ATX AM4,Gigabyte,AM4,3,2,128,DDR4,4,2,0,0,3,0,2242/2260/2280/22110 M-key,None,None,None,None,0,1 x 1000 Mbit/s,4,Depends on CPU,2,1,0,0,No,1,Yes,
M73,ASRock A520M-ITX/ac Mini ITX AM4,ASRock,AM4,1,2,64,DDR4,2,1,0,0,0,0,2280 M-key,2230 E-key,None,None,None,0,1 x 1000 Mbit/s,4,Depends on CPU,1,1,0,0,No,2,Yes,
M74,Gigabyte A520M S2H Micro ATX AM4,Gigabyte,AM4,2,2,64,DDR4,2,1,0,0,2,0,2242/2260/2280 M-key,None,None,None,None,0,1 x 1000 Mbit/s,4,Depends on CPU,2,1,0,0,No,1,Yes,
M75,Asus PRIME A520M-A/CSM Micro ATX AM4,Asus,AM4,2,2,128,DDR4,4,1,0,0,2,0,2242/2260/2280/22110 M-key,None,None,None,None,0,1 x 1000 Mbit/s,4,Depends on CPU,2,1,0,0,No,1,Yes,
M76,MSI MAG A520M VECTOR WIFI Micro ATX AM4,MSI,AM4,2,2,64,DDR4,2,1,0,0,2,0,2242/2260/2280 M-key,None,None,None,None,0,1 x 1000 Mbit/s,4,Depends on CPU,2,1,0,0,No,2,Yes,
M77,MSI A520M-A PRO Micro ATX AM4,MSI,AM4,2,2,64,DDR4,2,1,0,0,1,0,2242/2260/2280 M-key,None,None,None,None,0,1 x 1000 Mbit/s,4,Depends on CPU,2,1,0,0,No,1,Yes,
M78,Asus TUF GAMING A520M-PLUS Micro ATX AM4,Asus,AM4,2,2,128,DDR4,4,1,0,0,2,0,2242/2260/2280/22110 M-key,2230 E-key,None,None,None,0,1 x 1000 Mbit/s,4,Depends on CPU,2,1,0,0,No,1,Yes,
M79,ASRock A520M Pro4 Micro ATX AM4,ASRock,AM4,2,2,128,DDR4,4,2,0,0,0,0,2280 M-key,2280 M-key,2230 E-key,None,None,0,1 x 1000 Mbit/s,4,Depends on CPU,2,2,0,0,No,1,Yes,
M80,Gigabyte A520M H Micro ATX AM4,Gigabyte,AM4,2,2,64,DDR4,2,1,0,0,2,0,2242/2260/2280 M-key,None,None,None,None,0,1 x 1000 Mbit/s,4,Depends on CPU,2,1,0,0,No,1,Yes,
M81,ASRock A520M-HVS Micro ATX AM4,ASRock,AM4,2,2,64,DDR4,2,1,0,0,1,0,2242/2260/2280 M-key,None,None,None,None,0,1 x 1000 Mbit/s,4,Depends on CPU,2,1,0,0,No,1,Yes,
M82,Gigabyte GA-A520M-DS3H-AC Micro ATX AM4,Gigabyte,AM4,2,2,128,DDR4,4,1,0,0,2,0,2242/2260/2280 M-key,None,None,None,None,0,1 x 1000 Mbit/s,4,Depends on CPU,1,1,0,0,No,2,Yes,
M83,Asus PRIME A520M-E Micro ATX AM4,Asus,AM4,2,2,64,DDR4,2,1,0,0,2,0,2242/2260/2280 M-key,None,None,None,None,0,1 x 1000 Mbit/s,4,Depends on CPU,2,1,0,0,No,1,Yes,
M84,ASRock A520M-HDVP/DASH Micro ATX AM4,ASRock,AM4,2,2,64,DDR4,2,1,0,0,2,1,2280 M-key,None,None,None,None,0,1 x 1000 Mbit/s,4,Depends on CPU,2,1,0,0,No,1,Yes,
M85,MSI X470 GAMING PLUS MAX ATX AM4,MSI,AM4,3,7,64,DDR4,4,3,0,0,3,0,2242/2260/2280/22110 M-key,2242/2260/2280 M-key,None,None,None,0,1 x 1000 Mbit/s,6,Depends on CPU,2,2,0,0,No,1,Yes,
M86,MSI X470 GAMING PLUS ATX AM4,MSI,AM4,3,7,64,DDR4,4,3,0,0,3,0,2242/2260/2280/22110 M-key,2242/2260/2280 M-key,None,None,None,0,1 x 1000 Mbit/s,6,Depends on CPU,2,2,0,0,No,1,Yes,
M87,MSI X470 GAMING PRO MAX ATX AM4,MSI,AM4,3,7,128,DDR4,4,3,0,0,3,0,2242/2260/2280/22110 M-key,2242/2260/2280 M-key,None,None,None,0,1 x 1000 Mbit/s,6,Depends on CPU,2,2,0,0,No,1,Yes,
M88,MSI X470 GAMING PRO CARBON ATX AM4,MSI,AM4,3,7,64,DDR4,4,3,0,0,2,0,2242/2260/2280/22110 M-key,2242/2260/2280 M-key,None,None,None,0,1 x 1000 Mbit/s,8,Depends on CPU,3,2,0,0,No,1,Yes,
M89,MSI X470 GAMING M7 AC ATX AM4,MSI,AM4,3,7,64,DDR4,4,3,0,0,3,0,2242/2260/2280 M-key,2242/2260/2280 M-key,None,None,None,0,1 x 1000 Mbit/s,6,Depends on CPU,2,2,1,0,No,2,Yes,
M90,MSI X470 GAMING PRO CARBON AC ATX AM4,MSI,AM4,3,7,64,DDR4,4,3,0,0,2,0,2242/2260/2280/22110 M-key,2242/2260/2280 M-key,None,None,None,0,1 x 1000 Mbit/s,8,Depends on CPU,2,2,0,0,No,2,Yes,
M91,ASRock Fatal1ty X470 Gaming-ITX/ac Mini ITX AM4,ASRock,AM4,1,7,32,DDR4,2,1,0,0,0,0,2280 M-key,2230 E-key,None,None,None,0,1 x 1000 Mbit/s,4,Depends on CPU,1,1,0,0,No,2,Yes,
M92,ASRock X470D4U Micro ATX AM4,ASRock,AM4,2,7,64,DDR4,4,2,1,0,0,0,2242/2260/2280/22110 M-key,2242/2260/2280/22110 M-key,None,None,None,0,2 x 1000 Mbit/s,8,Yes,0,2,0,0,No,1,No,
M93,ASRock X470 Taichi ATX AM4,ASRock,AM4,3,7,64,DDR4,4,3,0,0,2,0,2260/2280/22110 M-key,2230/2242/2260/2280 M-key,2230 E-key,None,None,0,1 x 1000 Mbit/s,6,Depends on CPU,2,2,1,0,No,2,Yes,
M94,ASRock X470 Master SLI/AC ATX AM4,ASRock,AM4,3,7,64,DDR4,4,2,0,0,4,0,2230/2242/2260/2280/22110 M-key,2230/2242/2260/2280 M-key,2230 E-key,None,None,0,1 x 1000 Mbit/s,6,Depends on CPU,2,2,0,0,No,2,Yes,
M95,ASRock X470D4U2-2T Micro ATX AM4,ASRock,AM4,2,7,64,DDR4,4,2,0,0,1,0,2242/2260/2280/22110 M-key,2242/2260/2280/22110 M-key,None,None,None,0,2 x 10 Gbit/s,6,Yes,0,1,0,0,No,1,Yes,
M96,ASRock X470 Taichi Ultimate ATX AM4,ASRock,AM4,3,7,64,DDR4,4,3,0,0,2,0,2260/2280/22110 M-key,2230/2242/2260/2280 M-key,2230 E-key,None,None,0,"1 x 1000 Mbit/s, 1 x 10 Gbit/s",8,Depends on CPU,2,2,1,0,No,2,Yes,
M97,ASRock Fatal1ty X470 Gaming K4 ATX AM4,ASRock,AM4,3,7,64,DDR4,4,2,0,0,4,0,2230/2242/2260/2280/22110 M-key,2230/2242/2260/2280 M-key,None,None,None,0,1 x 1000 Mbit/s,6,Depends on CPU,2,2,0,0,No,1,Yes,
M98,ASRock X470 Master SLI ATX AM4,ASRock,AM4,3,7,64,DDR4,4,2,0,0,4,0,2230/2242/2260/2280 M-key,2230/2242/2260/2280 M-key,None,None,None,0,1 x 1000 Mbit/s,6,Depends on CPU,2,2,0,0,No,1,Yes,
M99,Asus Prime X470-Pro ATX AM4,Asus ,AM4,3,7,64,DDR4,4,3,0,0,3,0,2242/2260/2280/22110 M-key,2242/2260/2280 M-key,None,None,None,0,1 x 1000 Mbit/s,6,Depends on CPU,2,1,1,0,No,1,Yes,
M100,Asus ROG STRIX X470-F Gaming ATX AM4,Asus ,AM4,3,7,64,DDR4,4,3,0,0,3,0,2242/2260/2280/22110 M-key,2242/2260/2280 M-key,None,None,None,0,1 x 1000 Mbit/s,6,Depends on CPU,2,1,1,0,No,1,Yes,
M101,Asus ROG Crosshair VII Hero ATX AM4,Asus ,AM4,3,7,64,DDR4,4,3,0,0,2,0,2242/2260/2280/22110 M-key,2242/2260/2280 M-key,None,None,None,0,1 x 1000 Mbit/s,6,No,1,1,1,0,No,1,Yes,
M102,Asus ROG STRIX X470-I GAMING Mini ITX AM4,Asus ,AM4,1,7,32,DDR4,2,1,0,0,0,0,2242/2260/2280 M-key,2242/2260/2280 M-key,None,None,None,0,1 x 1000 Mbit/s,4,Depends on CPU,1,1,0,0,No,2,Yes,
M103,Asus ROG Crosshair VII Hero (Wi-Fi) ATX AM4,Asus ,AM4,3,7,64,DDR4,4,3,0,0,2,0,2242/2260/2280/22110 M-key,2242/2260/2280 M-key,None,None,None,0,1 x 1000 Mbit/s,6,No,1,1,1,0,No,2,Yes,
M104,Asus TUF X470-PLUS GAMING ATX AM4,Asus ,AM4,3,7,64,DDR4,4,2,0,0,3,0,2242/2260/2280/22110 M-key,2242/2260/2280 M-key,None,None,None,0,1 x 1000 Mbit/s,6,Depends on CPU,0,2,0,0,No,1,Yes,
M105,Gigabyte X470 AORUS GAMING 7 WIFI-50 ATX AM4,Gigabyte,AM4,3,7,64,DDR4,4,3,0,0,2,0,2242/2260/2280/22110 M-key,2242/2260/2280 M-key,None,None,None,0,1 x 1000 Mbit/s,6,Depends on CPU,2,2,1,0,No,1,Yes,
M106,Gigabyte X470 AORUS GAMING 7 WIFI ATX AM4,Gigabyte,AM4,3,7,64,DDR4,4,3,0,0,2,0,2242/2260/2280/22110 M-key,2242/2260/2280 M-key,None,None,None,0,1 x 1000 Mbit/s,6,No,2,2,1,0,No,2,Yes,
M107,Gigabyte X470 AORUS GAMING 5 WIFI ATX AM4,Gigabyte,AM4,3,7,64,DDR4,4,3,0,0,2,0,2242/2260/2280/22110 M-key,2242/2260/2280 M-key,None,None,None,0,1 x 1000 Mbit/s,6,Depends on CPU,2,2,1,0,No,2,Yes,
M108,Gigabyte X470 AORUS GAMING 7 WIFI-50 ATX AM4,Gigabyte,AM4,3,7,64,DDR4,4,3,0,0,2,0,2242/2260/2280/22110 M-key,2242/2260/2280 M-key,None,None,None,0,1 x 1000 Mbit/s,6,Depends on CPU,2,2,1,0,No,2,Yes,
M109,MSI B450 TOMAHAWK MAX ATX AM4,MSI,AM4,3,4,64,DDR4,4,2,0,0,3,0,2242/2260/2280/22110 M-key,None,None,None,None,0,1 x 1000 Mbit/s,6,Depends on CPU,2,1,0,0,No,1,Yes,
M110,Asus ROG STRIX B450-F GAMING ATX AM4,Asus,AM4,3,4,64,DDR4,4,3,0,0,3,0,2242/2260/2280 M-key,2242/2260/2280/22110 M-key,None,None,None,0,1 x 1000 Mbit/s,6,Depends on CPU,2,1,0,0,No,1,Yes,
M111,ASRock B450 Steel Legend ATX AM4,ASRock,AM4,3,4,64,DDR4,4,2,0,0,4,0,2230/2242/2260/2280 M-key,2230/2242/2260/2280/22110 M-key,None,None,None,0,1 x 1000 Mbit/s,6,Depends on CPU,2,1,0,0,No,1,Yes,
M112,MSI B450-A PRO MAX ATX AM4,MSI,AM4,3,4,64,DDR4,4,2,0,0,4,0,2242/2260/2280/22110 M-key,None,None,None,None,0,1 x 1000 Mbit/s,6,Depends on CPU,2,1,0,0,No,1,Yes,
M113,Asus ROG STRIX B450-F GAMING II ATX AM4,Asus,AM4,3,4,128,DDR4,4,3,0,0,3,0,2242/2260/2280 M-key,2242/2260/2280/22110 M-key,None,None,None,0,1 x 1000 Mbit/s,6,Depends on CPU,1,1,0,0,No,1,Yes,
M114,Gigabyte B450 AORUS PRO WIFI (rev. 1.0) ATX AM4,Gigabyte,AM4,3,4,64,DDR4,4,3,0,0,1,0,2242/2260/2280/22110 M-key,2242/2260/2280 M-key,None,None,None,0,1 x 1000 Mbit/s,6,Depends on CPU,2,1,0,0,No,2,Yes,
M115,MSI B450 Gaming Plus MAX ATX AM4,MSI,AM4,3,4,64,DDR4,4,2,0,0,4,0,2242/2260/2280/22110 M-key,None,None,None,None,0,1 x 1000 Mbit/s,6,Depends on CPU,2,1,0,0,No,1,Yes,
M116,MSI B450 GAMING PRO CARBON MAX WIFI ATX AM4,MSI,AM4,3,4,128,DDR4,4,2,0,0,3,0,2242/2260/2280/22110 M-key,2242/2260/2280 M-key,None,None,None,0,1 x 1000 Mbit/s,4,Depends on CPU,2,1,0,0,No,2,Yes,
M117,Gigabyte B450 AORUS ELITE V2 ATX AM4,Gigabyte,AM4,3,4,128,DDR4,4,2,0,0,2,0,2242/2260/2280/22110 M-key,2242/2260/2280 M-key,None,None,None,0,1 x 1000 Mbit/s,6,Depends on CPU,2,1,0,0,No,1,Yes,
M118,ASRock B450 Pro4 ATX AM4,ASRock,AM4,3,4,64,DDR4,4,2,0,0,4,0,2242/2260/2280 M-key,2242/2260/2280 M-key,None,None,None,0,1 x 1000 Mbit/s,6,Depends on CPU,2,1,0,0,No,1,Yes,
M119,Gigabyte B450 AORUS ELITE ATX AM4,Gigabyte,AM4,3,4,64,DDR4,4,2,0,0,2,0,2242/2260/2280/22110 M-key,2242/2260/2280 M-key,None,None,None,0,1 x 1000 Mbit/s,6,Depends on CPU,2,1,0,0,No,1,Yes,
M120,Asus TUF B450-PLUS GAMING ATX AM4,Asus,AM4,3,4,64,DDR4,4,2,0,0,3,0,2242/2260/2280/22110 M-key,None,None,None,None,0,1 x 1000 Mbit/s,6,Depends on CPU,2,1,0,0,No,1,Yes,
M121,MSI B450 TOMAHAWK ATX AM4,MSI,AM4,3,4,64,DDR4,4,2,0,0,3,0,2242/2260/2280/22110 M-key,None,None,None,None,0,1 x 1000 Mbit/s,6,Depends on CPU,2,1,0,0,No,1,Yes,
M122,Asus TUF GAMING B450-PLUS II ATX AM4,Asus,AM4,3,4,128,DDR4,4,2,0,0,3,0,2242/2260/2280/22110 M-key,2242/2260/2280 M-key,None,None,None,0,1 x 1000 Mbit/s,6,Depends on CPU,2,1,0,0,No,1,Yes,
M123,MSI B450 TOMAHAWK MAX II ATX AM4,MSI,AM4,3,4,128,DDR4,4,2,0,0,3,0,2242/2260/2280/22110 M-key,None,None,None,None,0,1 x 1000 Mbit/s,6,Depends on CPU,2,1,0,0,No,1,Yes,
M124,Asus PRIME B450-PLUS ATX AM4,Asus,AM4,3,4,64,DDR4,4,2,0,0,3,0,2242/2260/2280/22110 M-key,None,None,None,None,0,1 x 1000 Mbit/s,6,Depends on CPU,2,1,0,0,No,1,Yes,
M125,Gigabyte B450 Gaming X ATX AM4,Gigabyte,AM4,3,4,64,DDR4,4,2,0,0,2,0,2242/2260/2280/22110 M-key,None,None,None,None,0,1 x 1000 Mbit/s,6,Depends on CPU,1,1,0,0,No,1,Yes,
M126,MSI B450 GAMING PRO CARBON AC ATX AM4,MSI,AM4,3,4,64,DDR4,4,2,0,0,3,0,2242/2260/2280/22110 M-key,2242/2260/2280 M-key,None,None,None,0,1 x 1000 Mbit/s,6,Depends on CPU,2,1,0,0,No,2,Yes,
M127,Gigabyte B450 AORUS PRO ATX AM4,Gigabyte,AM4,3,4,64,DDR4,4,3,0,0,1,0,2242/2260/2280/22110 M-key,2242/2260/2280 M-key,None,None,None,0,1 x 1000 Mbit/s,6,Depends on CPU,2,1,0,0,No,1,Yes,
M128,ASRock Fatal1ty B450 GAMING K4 ATX AM4,ASRock,AM4,3,4,64,DDR4,4,2,0,0,4,0,2242/2260/2280 M-key,2230/2242/2260/2280/22110 M-key,None,None,None,0,1 x 1000 Mbit/s,6,Depends on CPU,2,1,0,0,No,1,Yes,
M129,MSI B450 Gaming Plus ATX AM4,MSI,AM4,3,4,64,DDR4,4,2,0,0,4,0,2242/2260/2280/22110 M-key,None,None,None,None,0,1 x 1000 Mbit/s,6,Depends on CPU,2,1,0,0,No,1,Yes,
M130,Asus ROG STRIX B450-E GAMING ATX AM4,Asus,AM4,3,4,64,DDR4,4,3,0,0,3,0,2242/2260/2280 M-key,2230 E-key,2242/2260/2280/22110 M-key,None,None,0,1 x 1000 Mbit/s,6,Depends on CPU,2,1,0,0,No,2,Yes,
M131,MSI B450-A PRO ATX AM4,MSI,AM4,3,4,64,DDR4,4,2,0,0,4,0,2242/2260/2280 M-key,None,None,None,None,0,1 x 1000 Mbit/s,6,Depends on CPU,2,1,0,0,No,1,Yes,
M132,Asus TUF B450-Pro Gaming ATX AM4,Asus,AM4,3,4,64,DDR4,4,2,0,0,3,0,2242/2260/2280/22110 M-key,2242/2260/2280 M-key,None,None,None,0,1 x 1000 Mbit/s,6,Depends on CPU,2,1,0,0,No,1,Yes,
M133,ASRock B450M PRO4 Micro ATX AM4,ASRock,AM4,2,4,64,DDR4,4,2,0,0,1,0,2242/2260/2280 M-key,2230/2242/2260/2280 M-key,None,None,None,0,1 x 1000 Mbit/s,4,Depends on CPU,2,1,0,0,No,1,Yes,
M134,ASRock B450M-HDV R4.0 Micro ATX AM4,ASRock,AM4,2,4,32,DDR4,2,1,0,0,1,0,2242/2260/2280 M-key,None,None,None,None,0,1 x 1000 Mbit/s,4,Depends on CPU,2,1,0,0,No,1,Yes,
M135,ASRock B450M Steel Legend Micro ATX AM4,ASRock,AM4,2,4,64,DDR4,4,2,0,0,1,0,2242/2260/2280 M-key,2230/2242/2260/2280 M-key,None,None,None,0,1 x 1000 Mbit/s,4,Depends on CPU,2,1,0,0,No,1,Yes,
M136,ASRock B450M/AC Micro ATX AM4,ASRock,AM4,2,4,64,DDR4,4,2,0,0,0,0,2242/2260/2280 M-key,None,None,None,None,0,1 x 1000 Mbit/s,4,Depends on CPU,2,1,0,0,No,2,Yes,
M137,Asus PRIME B450M-A/CSM Micro ATX AM4,Asus,AM4,2,4,64,DDR4,4,1,0,0,2,0,2242/2260/2280/22110 M-key,None,None,None,None,0,1 x 1000 Mbit/s,6,Depends on CPU,2,1,0,0,No,1,Yes,
M138,Asus TUF B450M-PLUS GAMING Micro ATX AM4,Asus,AM4,2,4,64,DDR4,4,2,0,0,1,0,2242/2260/2280/22110 M-key,None,None,None,None,0,1 x 1000 Mbit/s,6,Depends on CPU,2,1,0,0,No,1,Yes,
M139,Asus Prime B450M-A II Micro ATX AM4,Asus,AM4,2,4,128,DDR4,4,1,0,0,2,0,2242/2260/2280/22110 M-key,None,None,None,None,0,1 x 1000 Mbit/s,6,Depends on CPU,2,1,0,0,No,1,Yes,
M140,Asus TUF B450M-PRO GAMING Micro ATX AM4,Asus,AM4,2,4,64,DDR4,4,2,0,0,1,0,2242/2260/2280 M-key,2242/2260/2280 M-key,None,None,None,0,1 x 1000 Mbit/s,6,Depends on CPU,1,1,0,0,No,1,Yes,
M141,Asus PRIME B450M-K Micro ATX AM4,Asus,AM4,2,4,32,DDR4,2,1,0,0,2,0,2242/2260/2280 M-key,None,None,None,None,0,1 x 1000 Mbit/s,4,Depends on CPU,2,1,0,0,No,1,Yes,
M142,Asus TUF GAMING B450M-PRO S Micro ATX AM4,Asus,AM4,2,4,128,DDR4,4,2,0,0,1,0,2242/2260/2280 M-key,2242/2260/2280/22110 M-key,None,None,None,0,1 x 1000 Mbit/s,4,Depends on CPU,2,1,0,0,No,1,Yes,
M143,Gigabyte B450M DS3H V2 Micro ATX AM4,Gigabyte,AM4,2,4,128,DDR4,4,2,0,0,1,0,2242/2260/2280/22110 M-key,None,None,None,None,0,1 x 1000 Mbit/s,4,Depends on CPU,2,1,0,0,No,1,Yes,
M144,Gigabyte B450 AORUS M Micro ATX AM4,Gigabyte,AM4,2,4,64,DDR4,4,2,0,0,1,0,2242/2260/2280/22110 M-key,None,None,None,None,0,1 x 1000 Mbit/s,6,Depends on CPU,2,1,0,0,No,1,Yes,
M145,Gigabyte B450M DS3H WIFI Micro ATX AM4,Gigabyte,AM4,2,4,64,DDR4,4,2,0,0,1,0,2242/2260/2280/22110 M-key,None,None,None,None,0,1 x 1000 Mbit/s,4,Depends on CPU,2,1,0,0,No,2,Yes,
M146,Gigabyte B450M S2H Micro ATX AM4,Gigabyte,AM4,2,4,32,DDR4,2,1,0,0,2,0,2242/2260/2280 M-key,None,None,None,None,0,1 x 1000 Mbit/s,4,Depends on CPU,2,1,0,0,No,1,Yes,
M147,Gigabyte B450M AORUS ELITE Micro ATX AM4,Gigabyte,AM4,2,4,128,DDR4,4,2,0,0,1,0,2242/2260/2280/22110 M-key,2280 M-key,None,None,None,0,1 x 1000 Mbit/s,4,Depends on CPU,2,1,0,0,No,1,Yes,
M148,MSI B450M BAZOOKA MAX WIFI Micro ATX AM4,MSI,AM4,2,4,128,DDR4,4,2,0,0,0,0,2242/2260/2280 M-key,2230 E-key,None,None,None,0,1 x 1000 Mbit/s,4,Depends on CPU,2,1,0,0,No,2,Yes,
M149,MSI B450M PRO-M2 MAX Micro ATX AM4,MSI,AM4,2,4,32,DDR4,2,1,0,0,2,0,2242/2260/2280 M-key,None,None,None,None,0,1 x 1000 Mbit/s,4,Depends on CPU,2,1,0,0,No,1,Yes,
M150,MSI B450M MORTAR MAX Micro ATX AM4,MSI,AM4,2,4,64,DDR4,4,2,0,0,2,0,2242/2260/2280 M-key,2242/2260/2280 M-key,None,None,None,0,1 x 1000 Mbit/s,4,Depends on CPU,2,1,0,0,No,1,Yes,
M151,MSI B450M PRO-VDH MAX Micro ATX AM4,MSI,AM4,2,4,64,DDR4,4,1,0,0,2,0,2242/2260/2280 M-key,None,None,None,None,0,1 x 1000 Mbit/s,4,Depends on CPU,2,1,0,0,No,1,Yes,
M152,MSI B450M GAMING PLUS Micro ATX AM4,MSI,AM4,2,4,32,DDR4,2,1,0,0,2,0,2242/2260/2280 M-key,None,None,None,None,0,1 x 1000 Mbit/s,4,Depends on CPU,2,2,0,0,No,1,Yes,
M153,ASRock X370 Pro4 ATX AM4,ASRock ,AM4,3,6,64,DDR4,4,2,0,0,4,0,2242/2260/2280 M-key,2230/2242/2260/2280/22110 M-key,None,None,None,0,1 x 1000 Mbit/s,6,Depends on CPU,2,1,0,0,No,1,Yes,
M154,ASRock X370 GAMING X ATX AM4,ASRock ,AM4,3,6,64,DDR4,4,2,0,0,4,0,2230/2242/2260/2280 M-key,2230/2242/2260/2280 M-key,2230 E-key,None,None,0,1 x 1000 Mbit/s,6,Depends on CPU,2,2,0,0,No,1,Yes,
M155,ASRock X370 Taichi ATX AM4,ASRock ,AM4,3,6,64,DDR4,4,3,0,0,2,0,2242/2260/2280 M-key,2230/2242/2260/2280 M-key,None,None,None,0,1 x 1000 Mbit/s,10,No,2,2,0,0,No,2,Yes,
M156,ASRock X370 KILLER SLI/ac ATX AM4,ASRock ,AM4,3,6,64,DDR4,4,2,0,0,4,0,2230/2242/2260/2280 M-key,2230/2242/2260/2280 M-key,None,None,None,0,1 x 1000 Mbit/s,6,Depends on CPU,2,2,0,0,No,1,Yes,
M157,Asus STRIX X370-F GAMING ATX AM4,Asus,AM4,3,6,64,DDR4,4,3,0,0,3,0,2242/2260/2280/22110 M-key,None,None,None,None,0,1 x 1000 Mbit/s,8,Depends on CPU,1,2,1,0,No,1,Yes,
M158,Asus CROSSHAIR VI HERO ATX AM4,Asus,AM4,3,6,64,DDR4,4,3,0,0,3,0,2242/2260/2280/22110 M-key,None,None,None,None,0,1 x 1000 Mbit/s,8,Depends on CPU,1,1,0,0,No,1,Yes,
M159,Asus PRIME X370-PRO ATX AM4,Asus,AM4,3,6,64,DDR4,4,3,0,0,3,0,2242/2260/2280/22110 M-key,None,None,None,None,0,1 x 1000 Mbit/s,8,Depends on CPU,2,1,0,0,No,1,Yes,
M160,Asus ROG STRIX X370-I GAMING Mini ITX AM4,Asus,AM4,1,6,32,DDR4,2,1,0,0,0,0,2242/2260/2280 M-key,2242/2260/2280 M-key,None,None,None,0,1 x 1000 Mbit/s,4,No,1,1,0,0,No,2,Yes,
M161,Gigabyte GA-AX370-Gaming K7 ATX AM4,Gigabyte,AM4,3,6,64,DDR4,4,3,0,0,3,0,2242/2260/2280/22110 M-key,None,None,None,None,0,2 x 1000 Mbit/s,8,Depends on CPU,2,2,0,0,No,1,Yes,
M162,Gigabyte GA-AX370M-DS3H Micro ATX AM4,Gigabyte,AM4,2,6,64,DDR4,4,2,0,0,1,0,2242/2260/2280/22110 M-key,None,None,None,None,0,1 x 1000 Mbit/s,4,Depends on CPU,2,1,0,0,No,1,Yes,
M163,Gigabyte GA-AX370M-Gaming 3 Micro ATX AM4,Gigabyte,AM4,2,6,64,DDR4,4,2,0,0,1,0,2242/2260/2280/22110 M-key,None,None,None,None,0,1 x 1000 Mbit/s,6,Depends on CPU,2,1,0,0,No,1,Yes,
M164,Gigabyte GA-AX370-Gaming K7 ATX AM4,Gigabyte,AM4,3,6,64,DDR4,4,3,0,0,3,0,2242/2260/2280/22110 M-key,None,None,None,None,0,1 x 1000 Mbit/s,8,Depends on CPU,2,2,0,0,No,1,Yes,
M165,MSI X370 GAMING PRO CARBON ATX AM4,MSI,AM4,3,6,64,DDR4,4,3,0,0,3,0,2242/2260/2280/22110 M-key,2242/2260/2280 M-key,None,None,None,0,1 x 1000 Mbit/s,6,Depends on CPU,2,2,0,0,No,1,Yes,
M166,MSI X370 GAMING PLUS ATX AM4,MSI,AM4,3,6,64,DDR4,4,3,0,0,3,0,2242/2260/2280/22110 M-key,None,None,None,None,0,1 x 1000 Mbit/s,6,Depends on CPU,2,2,0,0,No,1,Yes,
M167,MSI X370 XPOWER GAMING TITANIUM ATX AM4,MSI,AM4,3,6,64,DDR4,4,3,0,0,3,0,2242/2260/2280/22110 M-key,2242/2260/2280 M-key,None,None,None,0,1 x 1000 Mbit/s,6,Depends on CPU,2,2,0,0,No,1,Yes,
M168,MSI X370 GAMING M7 ACK ATX AM4,MSI,AM4,3,6,64,DDR4,4,3,0,0,3,0,2242/2260/2280/22110 M-key,2242/2260/2280 M-key,None,None,None,0,1 x 1000 Mbit/s,6,No,2,2,1,0,No,2,Yes,
M169,ASRock AB350M Pro4 Micro ATX AM4,ASRock,AM4,2,3,64,DDR4,4,2,0,0,1,0,2242/2260/2280 M-key,2230/2242/2260/2280 M-key,None,None,None,0,1 x 1000 Mbit/s,4,Depends on CPU,2,1,0,0,No,1,Yes,
M170,ASRock AB350 Pro4 ATX AM4,ASRock,AM4,3,3,64,DDR4,4,2,0,0,4,0,2242/2260/2280 M-key,2230/2242/2260/2280/22110 M-key,None,None,None,0,1 x 1000 Mbit/s,6,Depends on CPU,2,1,0,0,No,1,Yes,
M171,ASRock AB350M Micro ATX AM4,ASRock,AM4,2,3,32,DDR4,2,1,0,0,1,0,2242/2260/2280 M-key,None,None,None,None,0,1 x 1000 Mbit/s,4,Depends on CPU,2,1,0,0,No,1,Yes,
M172,ASRock Fatal1ty AB350 Gaming K4 ATX AM4,ASRock,AM4,3,3,64,DDR4,4,2,0,0,4,0,2242/2260/2280 M-key,2230/2242/2260/2280/22110 M-key,None,None,None,0,1 x 1000 Mbit/s,6,Depends on CPU,2,1,0,0,No,1,Yes,
M173,Asus STRIX B350-F GAMING ATX AM4,Asus,AM4,3,3,64,DDR4,4,3,0,0,3,0,2242/2260/2280/22110 M-key,None,None,None,None,0,1 x 1000 Mbit/s,6,Depends on CPU,2,1,0,0,No,1,Yes,
M174,Asus PRIME B350-PLUS ATX AM4,Asus,AM4,3,3,64,DDR4,4,2,0,0,2,2,2242/2260/2280/22110 M-key,None,None,None,None,0,1 x 1000 Mbit/s,6,Depends on CPU,2,1,0,0,No,1,Yes,
M175,Asus PRIME B350M-E Micro ATX AM4,Asus,AM4,2,3,32,DDR4,2,1,0,0,2,0,2242/2260/2280 M-key,None,None,None,None,0,1 x 1000 Mbit/s,4,Depends on CPU,2,1,0,0,No,1,Yes,
M176,Asus PRIME B350M-A Micro ATX AM4,Asus,AM4,2,3,64,DDR4,4,1,0,0,2,0,2242/2260/2280/22110 M-key,None,None,None,None,0,1 x 1000 Mbit/s,6,Depends on CPU,2,1,0,0,No,1,Yes,
M177,Gigabyte GA-AB350-GAMING 3 ATX AM4,Gigabyte,AM4,3,3,64,DDR4,4,3,0,0,2,0,2242/2260/2280/22110 M-key,None,None,None,None,0,1 x 1000 Mbit/s,6,Depends on CPU,2,1,0,0,No,1,Yes,
M178,Gigabyte GA-AB350M-DS3H Micro ATX AM4,Gigabyte,AM4,2,3,64,DDR4,4,2,0,0,1,0,2242/2260/2280/22110 M-key,None,None,None,None,0,1 x 1000 Mbit/s,4,Depends on CPU,2,1,0,0,No,1,Yes,
M179,Gigabyte GA-AB350M-DS3H V2 Micro ATX AM4,Gigabyte,AM4,2,3,64,DDR4,4,2,0,0,1,0,2242/2260/2280/22110 M-key,None,None,None,None,0,1 x 1000 Mbit/s,4,Depends on CPU,2,1,0,0,No,1,Yes,
M180,Gigabyte GA-AB350M-HD3 (rev. 1.0) Micro ATX AM4,Gigabyte,AM4,2,3,32,DDR4,2,2,0,0,1,0,2242/2260/2280 M-key,None,None,None,None,0,1 x 1000 Mbit/s,6,Depends on CPU,2,1,0,0,No,1,Yes,
M181,MSI B350 TOMAHAWK ATX AM4,MSI,AM4,3,3,64,DDR4,4,2,0,0,2,2,2242/2260/2280/22110 M-key,None,None,None,None,0,1 x 1000 Mbit/s,4,Depends on CPU,2,2,0,0,No,1,Yes,
M182,MSI B350M GAMING PRO Micro ATX AM4,MSI,AM4,2,3,32,DDR4,2,1,0,0,2,0,2242/2260/2280 M-key,None,None,None,None,0,1 x 1000 Mbit/s,4,Depends on CPU,2,1,0,0,No,1,Yes,
M183,MSI B350M BAZOOKA Micro ATX AM4,MSI,AM4,2,3,64,DDR4,4,1,0,0,2,0,2242/2260/2280 M-key,None,None,None,None,0,1 x 1000 Mbit/s,4,Depends on CPU,2,1,0,0,No,1,Yes,
M184,MSI B350M MORTAR Micro ATX AM4,MSI,AM4,2,3,64,DDR4,4,2,0,0,2,0,2242/2260/2280 M-key,None,None,None,None,0,1 x 1000 Mbit/s,4,Depends on CPU,2,2,0,0,No,1,Yes,
M185,ASRock A320M-HDV R4.0 Micro ATX AM4,ASRock,AM4,2,1,32,DDR4,2,1,0,0,1,0,2242/2260/2280 M-key,None,None,None,None,0,1 x 1000 Mbit/s,4,Depends on CPU,2,1,0,0,No,1,Yes,
M186,ASRock A320M-DVS R4.0 Micro ATX AM4,ASRock,AM4,2,1,32,DDR4,2,1,0,0,1,0,None,None,None,None,None,0,1 x 1000 Mbit/s,4,Depends on CPU,2,1,0,0,No,1,Yes,
M187,ASRock A320M Micro ATX AM4,ASRock,AM4,2,1,32,DDR4,2,1,0,0,1,0,2242/2260/2280 M-key,None,None,None,None,0,1 x 1000 Mbit/s,4,Depends on CPU,2,1,0,0,No,1,Yes,
M188,ASRock A320M-ITX Mini ITX AM4,ASRock,AM4,1,1,32,DDR4,2,1,0,0,0,0,2280 M-key,None,None,None,None,0,1 x 1000 Mbit/s,4,Depends on CPU,1,1,0,0,No,1,Yes,
M189,Asus PRIME A320M-C R2.0 Micro ATX AM4,Asus,AM4,2,1,32,DDR4,2,1,0,0,2,1,2242/2260/2280 M-key,None,None,None,None,0,1 x 1000 Mbit/s,4,Depends on CPU,2,1,0,0,No,1,Yes,
M190,Asus PRIME A320M-K Micro ATX AM4,Asus,AM4,2,1,32,DDR4,2,1,0,0,2,0,2242/2260/2280 M-key,None,None,None,None,0,1 x 1000 Mbit/s,4,Depends on CPU,2,1,0,0,No,1,Yes,
M191,Asus Prime A320I-K Mini ITX AM4,Asus,AM4,1,1,32,DDR4,2,1,0,0,0,0,2242/2260/2280 M-key,None,None,None,None,0,1 x 1000 Mbit/s,4,Depends on CPU,1,1,0,0,No,1,Yes,
M192,Asus EX-A320M-GAMING Micro ATX AM4,Asus,AM4,2,1,64,DDR4,4,1,0,1,1,0,2242/2260/2280/22110 M-key,None,None,None,None,0,1 x 1000 Mbit/s,4,Depends on CPU,2,1,0,0,No,1,Yes,
M193,Gigabyte GA-A320M-S2H Micro ATX AM4,Gigabyte,AM4,2,1,32,DDR4,2,1,0,0,2,0,2242/2260/2280/22110 M-key,None,None,None,None,0,1 x 1000 Mbit/s,4,Depends on CPU,2,1,0,0,No,1,Yes,
M194,Gigabyte GA-A320M-H Micro ATX AM4,Gigabyte,AM4,2,1,32,DDR4,2,1,0,0,2,0,2242/2260/2280/22110 M-key,None,None,None,None,0,1 x 1000 Mbit/s,4,Depends on CPU,2,1,0,0,No,1,Yes,
M195,Gigabyte GA-A320M-S2H V2 Micro ATX AM4,Gigabyte,AM4,2,1,32,DDR4,2,1,0,0,2,0,2242/2260/2280/22110 M-key,None,None,None,None,0,1 x 1000 Mbit/s,4,Depends on CPU,2,1,0,0,No,1,Yes,
M196,Gigabyte GA-A320M-HD2 Micro ATX AM4,Gigabyte,AM4,2,1,32,DDR4,2,1,0,0,2,1,None,None,None,None,None,0,1 x 1000 Mbit/s,4,Depends on CPU,2,1,0,0,No,1,Yes,
M197,MSI A320M-A PRO Micro ATX AM4,MSI,AM4,2,1,64,DDR4,2,1,0,0,1,0,None,None,None,None,None,0,1 x 1000 Mbit/s,4,Depends on CPU,2,1,0,0,No,1,Yes,
M198,MSI A320M-A PRO MAX Micro ATX AM4,MSI,AM4,2,1,32,DDR4,2,1,0,0,1,0,2242/2280/22110 M-key,None,None,None,None,0,1 x 1000 Mbit/s,4,Depends on CPU,2,1,0,0,No,1,Yes,
M199,MSI A320M PRO-VH PLUS Micro ATX AM4,MSI,AM4,2,1,32,DDR4,2,1,0,0,2,0,None,None,None,None,None,0,1 x 1000 Mbit/s,4,Depends on CPU,2,1,0,0,No,1,Yes,
M200,MSI A320M GAMING PRO Micro ATX AM4,MSI,AM4,2,1,32,DDR4,2,1,0,0,2,0,2242/2260/2280 M-key,None,None,None,None,0,1 x 1000 Mbit/s,4,Depends on CPU,2,1,0,0,No,1,Yes,
M201,ASRock H410M-HDV/M.2 Micro ATX LGA1200,ASRock,LGA1200,2,1,64,DDR4,2,1,0,0,1,0,2260/2280 M-key,2230 E-key,None,None,None,0,1 x 1000 Mbit/s,4,Depends on CPU,2,1,0,0,No,1,No,
M202,ASRock H410M-HDV Micro ATX LGA1200,ASRock,LGA1200,2,1,64,DDR4,2,1,0,0,1,0,None,None,None,None,None,0,1 x 1000 Mbit/s,4,Depends on CPU,1,1,0,0,No,1,No,
M203,ASRock H410M-HVS Micro ATX LGA1200,ASRock,LGA1200,2,1,64,DDR4,2,1,0,0,1,0,None,None,None,None,None,0,1 x 1000 Mbit/s,4,Depends on CPU,1,1,0,0,No,1,No,
M204,ASRock H410M-ITX/ac Mini ITX LGA1200,ASRock,LGA1200,1,1,64,DDR4,2,1,0,0,0,0,2280 M-key,None,None,None,None,0,1 x 1000 Mbit/s,4,Depends on CPU,1,1,0,0,No,2,No,
M205,Asus PRIME H410M-E Micro ATX LGA1200,Asus,LGA1200,2,1,64,DDR4,2,1,0,0,2,0,2242/2260/2280 M-key,None,None,None,None,0,1 x 1000 Mbit/s,4,Depends on CPU,2,1,0,0,No,1,No,
M206,Asus Pro H410M-C/CSM Micro ATX LGA1200,Asus,LGA1200,2,1,64,DDR4,2,1,0,0,1,2,2242/2260/2280 M-key,None,None,None,None,0,1 x 1000 Mbit/s,4,Depends on CPU,2,1,0,0,No,1,No,
M207,Asus PRIME H410M-K Micro ATX LGA1200,Asus,LGA1200,2,1,64,DDR4,2,1,0,0,2,0,None,None,None,None,None,0,1 x 1000 Mbit/s,4,Depends on CPU,1,1,0,0,No,1,No,
M208,Asus PRIME H410M-A Micro ATX LGA1200,Asus,LGA1200,2,1,64,DDR4,2,1,0,0,2,0,2242/2260/2280 M-key,None,None,None,None,0,1 x 1000 Mbit/s,4,Depends on CPU,2,1,0,0,No,1,No,
M209,Gigabyte H410M S2H Micro ATX LGA1200,Gigabyte,LGA1200,2,1,64,DDR4,2,1,0,0,2,0,2242/2260/2280 M-key,None,None,None,None,0,1 x 1000 Mbit/s,4,Depends on CPU,1,1,0,0,No,1,No,
M210,Gigabyte H410M H Micro ATX LGA1200,Gigabyte,LGA1200,2,1,64,DDR4,2,1,0,0,2,0,2242/2260/2280 M-key,None,None,None,None,0,1 x 1000 Mbit/s,4,Depends on CPU,1,1,0,0,No,1,No,
M211,Gigabyte H410M S2 Micro ATX LGA1200,Gigabyte,LGA1200,2,1,64,DDR4,2,1,0,0,2,0,None,None,None,None,None,0,1 x 1000 Mbit/s,4,Depends on CPU,1,1,0,0,No,1,No,
M212,Gigabyte H410M DS2V Micro ATX LGA1200,Gigabyte,LGA1200,2,1,64,DDR4,2,1,0,0,2,0,2242/2260/2280 M-key,None,None,None,None,0,1 x 1000 Mbit/s,4,Depends on CPU,1,1,0,0,No,1,No,
M213,MSI H410M-A PRO Micro ATX LGA1200,MSI,LGA1200,2,1,64,DDR4,2,1,0,0,1,0,2242/2260/2280 M-key,2230 E-key,None,None,None,0,1 x 1000 Mbit/s,4,Depends on CPU,1,1,0,0,No,1,No,
M214,MSI H410M PRO Micro ATX LGA1200,MSI,LGA1200,2,1,64,DDR4,2,1,0,0,1,0,2242/2260/2280 M-key,2230 E-key,None,None,None,0,1 x 1000 Mbit/s,4,Depends on CPU,1,1,0,0,No,1,No,
M215,MSI H410M PRO-VH Micro ATX LGA1200,MSI,LGA1200,2,1,64,DDR4,2,1,0,0,1,0,2242/2260/2280 M-key,2230 E-key,None,None,None,0,1 x 1000 Mbit/s,4,Depends on CPU,1,1,0,0,No,1,No,
M216,ASRock B460M Pro4 Micro ATX LGA1200,ASRock,LGA1200,2,3,128,DDR4,4,2,0,0,1,0,2242/2260/2280 M-key,2260/2280 M-key,2230 E-key,None,None,0,1 x 1000 Mbit/s,6,Depends on CPU,2,1,0,0,No,1,Yes,
M217,ASRock B460 Phantom Gaming 4 ATX LGA1200,ASRock,LGA1200,2,3,128,DDR4,4,2,0,0,2,0,2230 E-key,2280/22110 M-key,None,None,None,0,1 x 1000 Mbit/s,6,Depends on CPU,2,2,0,0,No,1,Yes,
M218,ASRock B460M-HDV Micro ATX LGA1200,ASRock,LGA1200,2,3,64,DDR4,2,1,0,0,2,0,2260/2280 M-key,2230 E-key,None,None,None,0,1 x 1000 Mbit/s,4,Depends on CPU,2,2,0,0,No,1,Yes,
M219,ASRock B460 Steel Legend ATX LGA1200,ASRock,LGA1200,3,3,128,DDR4,4,2,0,0,2,0,2242/2260/2280 M-key,2242/2260/2280/22110 M-key,2230 E-key,None,None,0,1 x 2.5 Gbit/s,6,Depends on CPU,2,2,1,0,No,1,Yes,
M220,Asus PRIME B460M-A Micro ATX LGA1200,Asus,LGA1200,2,3,128,DDR4,4,1,0,0,2,0,2242/2260/2280 M-key,2242/2260/2280 M-key,None,None,None,0,1 x 1000 Mbit/s,6,Depends on CPU,2,1,0,0,No,1,No,
M221,Asus PRIME B460-PLUS ATX LGA1200,Asus,LGA1200,3,3,128,DDR4,4,2,0,0,2,2,2242/2260/2280 M-key,2242/2260/2280/22110 M-key,None,None,None,0,1 x 1000 Mbit/s,6,Depends on CPU,2,1,0,0,No,1,Yes,
M222,Asus ROG STRIX B460-I GAMING Mini ITX LGA1200,Asus,LGA1200,1,3,64,DDR4,2,1,0,0,0,0,2242/2260/2280 M-key,2242/2260/2280 M-key,2230 E-key,None,None,0,1 x 1000 Mbit/s,4,Depends on CPU,1,1,0,0,No,3,Yes,
M223,Asus ROG STRIX B460-H GAMING ATX LGA1200,Asus,LGA1200,3,3,128,DDR4,4,2,0,0,3,0,2242/2260/2280 M-key,2242/2260/2280/22110 M-key,2230 E-key,None,None,0,1 x 1000 Mbit/s,6,Depends on CPU,2,1,0,0,No,1,Yes,
M224,Gigabyte B460M DS3H Micro ATX LGA1200,Gigabyte,LGA1200,2,3,128,DDR4,4,1,0,0,2,0,2242/2260/2280 M-key,None,None,None,None,0,1 x 1000 Mbit/s,4,Depends on CPU,2,1,0,0,No,1,Yes,
M225,Gigabyte B460 AORUS PRO AC ATX LGA1200,Gigabyte,LGA1200,3,3,128,DDR4,4,3,0,0,2,0,2242/2260/2280/22110 M-key,2242/2260/2280 M-key,2230 E-key,None,None,0,1 x 2.5 Gbit/s,6,Depends on CPU,2,1,0,0,No,3,Yes,
M226,Gigabyte B460 HD3 ATX LGA1200,Gigabyte,LGA1200,3,3,128,DDR4,4,2,0,0,3,0,2242/2260/2280 M-key,2242/2260/2280/22110 M-key,None,None,None,0,1 x 1000 Mbit/s,6,Depends on CPU,2,1,0,0,No,1,Yes,
M227,Gigabyte B460M DS3H AC Micro ATX LGA1200,Gigabyte,LGA1200,2,3,128,DDR4,4,1,0,0,2,0,2242/2260/2280 M-key,None,None,None,None,0,1 x 1000 Mbit/s,6,Depends on CPU,2,1,0,0,No,2,Yes,
M228,MSI B460M PRO-VDH WIFI Micro ATX LGA1200,MSI,LGA1200,2,3,128,DDR4,4,1,0,0,2,0,2242/2260/2280/22110 M-key,2242/2260/2280 M-key,None,None,None,0,1 x 1000 Mbit/s,4,Depends on CPU,2,1,0,0,No,2,Yes,
M229,MSI B460M-A PRO Micro ATX LGA1200,MSI,LGA1200,2,3,64,DDR4,2,1,0,0,2,0,2242/2260/2280 M-key,None,None,None,None,0,1 x 1000 Mbit/s,6,Depends on CPU,2,1,0,0,No,1,Yes,
M230,MSI MAG B460 TOMAHAWK ATX LGA1200,MSI,LGA1200,2,3,128,DDR4,4,2,0,0,2,0,2242/2260/2280/22110 M-key,2242/2260/2280 M-key,None,None,None,0,1 x 1000 Mbit/s,6,Depends on CPU,2,1,1,0,No,1,Yes,
M231,MSI MPG B460I GAMING EDGE WIFI Mini ITX LGA1200,MSI,LGA1200,1,3,64,DDR4,2,1,0,0,0,0,2280 M-key,2280 M-key,None,None,None,0,1 x 2.5 Gbit/s,4,Depends on CPU,1,1,1,0,No,3,Yes,
M232,ASRock H470 Steel Legend ATX LGA1200,ASRock,LGA1200,3,5,128,DDR4,4,2,0,0,2,0,2230 E-key,2260/2280 M-key,2260/2280/22110 M-key,None,None,0,1 x 2.5 Gbit/s,6,Depends on CPU,2,2,0,0,No,1,Yes,
M233,ASRock H470M-ITX/ac Mini ITX LGA1200,ASRock,LGA1200,1,5,64,DDR4,2,1,0,0,0,0,2280 M-key,2280 M-key,None,None,None,0,"1 x 1000 Mbit/s, 1 x 2.5 Gbit/s",4,Depends on CPU,1,1,0,0,No,2,Yes,
M234,ASRock H470M Pro4 Micro ATX LGA1200,ASRock,LGA1200,2,5,128,DDR4,4,2,0,0,2,0,2280 M-key,2280 M-key,2230 E-key,None,None,0,1 x 1000 Mbit/s,6,Depends on CPU,1,2,0,0,No,1,Yes,
M235,ASRock H470 Phantom Gaming 4 ATX LGA1200,ASRock,LGA1200,3,5,128,DDR4,2,0,0,3,0,0,2260/2280 M-key,2260/2280/22110 M-key,2230 E-key,None,None,0,1 x 1000 Mbit/s,6,Depends on CPU,2,2,0,0,No,1,Yes,
M236,Asus TUF GAMING H470-PRO (WI-FI) ATX LGA1200,Asus,LGA1200,3,5,128,DDR4,4,2,0,0,4,0,2242/2260/2280 M-key,2242/2260/2280/22110 M-key,None,None,None,0,1 x 1000 Mbit/s,5,Depends on CPU,1,1,1,0,No,3,Yes,
M237,Asus ROG STRIX H470-I GAMING Mini ITX LGA1200,Asus,LGA1200,1,5,64,DDR4,2,1,0,0,0,0,2242/2260/2280 M-key,2242/2260/2280 M-key,2230 E-key,None,None,0,1 x 1000 Mbit/s,4,Depends on CPU,1,1,0,0,No,3,Yes,
M238,Asus PRIME H470-PLUS ATX LGA1200,Asus,LGA1200,3,5,128,DDR4,4,2,0,0,4,0,2242/2260/2280/22110 M-key,2242/2260/2280 M-key,2230 E-key,None,None,0,1 x 1000 Mbit/s,6,Depends on CPU,2,2,0,0,No,1,Yes,
M239,Asus PRIME H470M-PLUS/CSM Micro ATX LGA1200,Asus,LGA1200,2,5,128,DDR4,4,2,0,0,2,0,2242/2260/2280/22110 M-key,2242/2260/2280 M-key,None,None,None,0,1 x 1000 Mbit/s,5,Depends on CPU,2,2,0,0,No,1,Yes,
M240,Gigabyte H470 AORUS PRO AX ATX LGA1200,Gigabyte,LGA1200,3,5,128,DDR4,4,2,0,0,3,0,2242/2260/2280/22110 M-key,2242/2260/2280/22110 M-key,2230 E-key,None,None,0,1 x 2.5 Gbit/s,6,Depends on CPU,2,1,0,0,No,3,Yes,
M241,Gigabyte H470 HD3 ATX LGA1200,Gigabyte,LGA1200,3,5,128,DDR4,4,2,0,0,3,1,2242/2260/2280/22110 M-key,2242/2260/2280 M-key,None,None,None,0,1 x 1000 Mbit/s,6,Depends on CPU,2,1,0,0,No,1,Yes,
M242,Gigabyte H470M DS3H Micro ATX LGA1200,Gigabyte,LGA1200,2,5,128,DDR4,4,2,0,0,2,0,2242/2260/2280/22110 M-key,2242/2260/2280 M-key,None,None,None,0,1 x 1000 Mbit/s,6,Depends on CPU,2,1,0,0,No,1,Yes,
M243,Gigabyte H470I AORUS PRO AX Mini ITX LGA1200,Gigabyte,LGA1200,1,5,64,DDR4,2,1,0,0,0,0,2260/2280 M-key,2260/2280 M-key,None,None,None,0,"1 x 1000 Mbit/s, 1 x 2.5 Gbit/s",4,Depends on CPU,1,1,0,0,No,3,Yes,
M244,Asus Pro Q470M-C/CSM Micro ATX LGA1200,Asus,LGA1200,2,7,128,DDR4,4,1,0,0,1,1,2242/2260/2280/22110 M-key,2242/2260/2280 M-key,2230 E-key,None,None,0,1 x 1000 Mbit/s,6,Depends on CPU,1,1,1,0,No,1,Yes,
M245,ASRock Z490M-ITX/ac Mini ITX LGA1200,ASRock,LGA1200,1,7,64,DDR4,2,1,0,0,0,0,2280 M-key,2280 M-key,None,None,None,0,"1 x 1000 Mbit/s, 1 x 2.5 Gbit/s",4,Depends on CPU,1,1,0,0,No,2,Yes,
M246,ASRock Z490 Pro4 ATX LGA1200,ASRock,LGA1200,3,7,128,DDR4,4,2,0,0,3,0,2260/2280 M-key,2260/2280/22110 M-key,2230 E-key,None,None,0,1 x 1000 Mbit/s,6,Depends on CPU,1,2,0,0,No,1,Yes,
M247,ASRock Z490 Phantom Gaming 4 ATX LGA1200,ASRock,LGA1200,3,7,128,DDR4,4,2,0,0,3,0,2230 E-key,2260/2280/22110 M-key,None,None,None,0,1 x 1000 Mbit/s,6,Depends on CPU,1,2,0,0,No,1,Yes,
M248,ASRock Z490M Pro4 Micro ATX LGA1200,ASRock,LGA1200,2,7,128,DDR4,4,2,0,0,2,0,2280 M-key,2280 M-key,2230 E-key,None,None,0,1 x 1000 Mbit/s,4,Depends on CPU,2,2,0,0,No,1,Yes,
M249,Asus ROG STRIX Z490-I GAMING Mini ITX LGA1200,Asus,LGA1200,1,7,64,DDR4,2,1,0,0,0,0,2242/2260/2280 M-key,2242/2260/2280 M-key,None,None,None,0,1 x 2.5 Gbit/s,4,Depends on CPU,1,1,1,0,No,3,Yes,
M250,Asus ROG STRIX Z490-E GAMING ATX LGA1200,Asus,LGA1200,3,7,128,DDR4,4,3,0,0,3,0,2242/2260/2280 M-key,2242/2260/2280 M-key,None,None,None,0,1 x 2.5 Gbit/s,6,Depends on CPU,2,1,1,0,No,3,Yes,
M251,Asus PRIME Z490-A ATX LGA1200,Asus,LGA1200,3,7,128,DDR4,4,3,0,0,3,0,2242/2260/2280/22110 M-key,2242/2260/2280/22110 M-key,2230 E-key,None,None,0,1 x 2.5 Gbit/s,6,Depends on CPU,2,1,1,0,No,1,Yes,
M252,Asus ROG MAXIMUS XII HERO (WI-FI) ATX LGA1200,Asus,LGA1200,3,7,128,DDR4,4,3,0,0,3,0,2242/2260/2280/22110 M-key,2242/2260/2280 M-key,2242/2260/2280/22110 M-key,None,None,0,"1 x 1000 Mbit/s, 1 x 2.5 Gbit/s",6,Depends on CPU,2,1,1,0,No,3,Yes,
M253,Gigabyte Z490 AORUS MASTER ATX LGA1200,Gigabyte,LGA1200,3,7,128,DDR4,4,3,0,0,0,0,2242/2260/2280/22110 M-key,2242/2260/2280/22110 M-key,2242/2260/2280/22110 M-key,2242/2260/2280/22110 M-key,None,0,1 x 2.5 Gbit/s,6,Depends on CPU,2,1,1,0,No,3,Yes,
M254,Gigabyte Z490 VISION G ATX LGA1200,Gigabyte,LGA1200,3,7,128,DDR4,4,3,0,0,2,0,2280 M-key,2260/2280/22110 M-key,2260/2280 M-key,None,None,0,1 x 1000 Mbit/s,6,Depends on CPU,2,1,1,0,No,1,Yes,
M255,Gigabyte Z490 AORUS ELITE AC ATX LGA1200,Gigabyte,LGA1200,3,7,128,DDR4,4,2,0,0,2,0,2280 M-key,2242/2260/2280/22110 M-key,2242/2260/2280/22110 M-key,None,None,0,1 x 2.5 Gbit/s,6,Depends on CPU,2,1,1,0,No,2,Yes,
M256,Gigabyte Z490 AORUS PRO AX ATX LGA1200,Gigabyte,LGA1200,3,7,128,DDR4,4,3,0,0,2,0,2242/2260/2280 M-key,2242/2260/2280/22110 M-key,2242/2260/2280/22110 M-key,2230 E-key,None,0,1 x 2.5 Gbit/s,6,Depends on CPU,2,1,1,0,No,3,Yes,
M257,MSI MPG Z490 GAMING PLUS ATX LGA1200,MSI,LGA1200,3,7,128,DDR4,4,2,0,0,3,0,2242/2260/2280/22110 M-key,2242/2260/2280 M-key,2230 E-key,None,None,0,1 x 2.5 Gbit/s,6,Depends on CPU,2,2,1,0,No,1,Yes,
M258,MSI Z490-A PRO ATX LGA1200,MSI,LGA1200,3,7,128,DDR4,4,2,0,0,3,0,2242/2260/2280/22110 M-key,2242/2260/2280 M-key,2230 E-key,None,None,0,1 x 2.5 Gbit/s,6,Depends on CPU,2,2,1,0,No,1,Yes,
M259,MSI MPG Z490 GAMING EDGE WIFI ATX LGA1200,MSI,LGA1200,3,7,128,DDR4,4,2,0,0,2,0,2242/2260/2280/22110 M-key,2242/2260/2280 M-key,2230 E-key,None,None,0,1 x 2.5 Gbit/s,6,Depends on CPU,2,1,1,0,No,3,Yes,
M260,MSI MAG Z490 TOMAHAWK ATX LGA1200,MSI,LGA1200,3,7,128,DDR4,4,2,0,0,2,0,2242/2260/2280/22110 M-key,2242/2260/2280 M-key,None,None,None,0,1 x 1000 Mbit/s,6,Depends on CPU,2,1,1,0,No,1,Yes,
M261,ASRock H510M-ITX/ac Mini ITX,ASRock,LGA1200,1,2,64,DDR4,2,1,0,0,0,0,2280 M-key,None,None,None,None,0,1 x 1000 Mbit/s,4,Depends on CPU,1,1,0,0,No,2,No,
M262,ASRock H510M-HDV Micro ATX,ASRock,LGA1200,2,2,64,DDR4,2,1,0,0,1,0,None,None,None,None,None,0,1 x 1000 Mbit/s,4,Depends on CPU,1,1,0,0,No,1,No,
M263,ASRock H510M-HDV/M.2 Micro ATX,ASRock,LGA1200,2,2,64,DDR4,2,1,0,0,1,0,2260/2280 M-key,None,None,None,None,0,1 x 1000 Mbit/s,4,Depends on CPU,1,1,0,0,No,1,No,
M264,ASRock H510M-HVS Micro ATX LGA1200,ASRock,LGA1200,2,2,64,DDR4,2,1,0,0,1,0,None,None,None,None,None,0,1 x 1000 Mbit/s,4,Depends on CPU,1,1,0,0,No,1,No,
M265,Asus PRIME H510M-E Micro ATX,Asus,LGA1200,2,2,64,DDR4,2,1,0,0,2,0,2242/2260/2280 M-key,None,None,None,None,0,1 x 1000 Mbit/s,4,Depends on CPU,2,1,0,0,No,1,No,
M266,ASRock H570M-ITX/ac Mini ITX,ASRock,LGA1200,1,6,64,DDR4,2,1,0,0,0,0,2280 M-key,2280 M-key,2230 E-key,None,None,0,1 x 2.5 Gbit/s,4,Depends on CPU,1,1,1,0,No,2,Yes,
M267,ASRock H570M Pro4 Micro ATX,ASRock,LGA1200,2,6,128,DDR4,4,1,0,1,1,0,2280 M-key,2280 M-key,2230 E-key,None,None,0,1 x 1000 Mbit/s,4,Depends on CPU,2,2,1,0,No,1,Yes,
M268,ASRock H570 Steel Legend ATX,ASRock,LGA1200,3,6,128,DDR4,4,2,0,0,3,0,2260/2280 M-key,2260/2280 M-key,2260/2280/22110 M-key,2230 E-key,None,0,1 x 2.5 Gbit/s,6,Depends on CPU,2,2,0,1,No,1,Yes,
M269,ASRock H570 Phantom Gaming 4 ATX LGA1200,ASRock,LGA1200,3,6,128,DDR4,4,2,0,0,3,0,2260/2280 M-key,2260/2280 M-key,2260/2280/22110 M-key,2230 E-key,None,0,1 x 1000 Mbit/s,6,Depends on CPU,2,2,0,1,No,1,Yes,
M270,Asus TUF GAMING H570-PRO WIFI,Asus,LGA1200,3,6,128,DDR4,4,2,0,0,3,0,2242/2260/2280 M-key,2242/2260/2280/22110 M-key,2242/2260/2280 M-key,None,None,0,1 x 2.5 Gbit/s,6,Depends on CPU,2,1,1,0,No,3,Yes,
M271,Asus PRIME H570-PLUS ATX LGA1200,Asus,LGA1200,3,6,128,DDR4,4,2,0,0,3,0,2242/2260/2280/22110 M-key,2242/2260/2280/22110 M-key,2230 E-key,None,None,0,1 x 1000 Mbit/s,6,Depends on CPU,3,2,0,0,No,1,Yes,
M272,Asus PRIME H570M-PLUS Micro ATX LGA1200,Asus,LGA1200,2,6,128,DDR4,4,2,0,0,1,0,2242/2260/2280 M-key,2242/2260/2280 M-key,2230 E-key,None,None,0,1 x 1000 Mbit/s,6,Depends on CPU,2,2,0,0,No,1,Yes,
M273,ASRock X399 Phantom Gaming 6 ATX,ASRock,sTR4,3,1,128,DDR4,3,0,0,0,0,0,2242/2260/2280/22110 M-key,2242/2260/2280 M-key,2242/2260/2280/22110 M-key,2230 E-key,None,0,"1 x 1000 Mbit/s, 1 x 2.5 Gbit/s",8,No,2,2,0,0,Yes,1,Yes,
M274,ASRock X399 Taichi ATX sTR4,ASRock,sTR4,3,1,128,DDR4,8,4,0,0,1,0,2242/2260/2280 M-key,2242/2260/2280 M-key,2230/2242/2260/2280 M-key,2230 E-key,None,0,2 x 1000 Mbit/s,8,No,2,2,0,0,Yes,2,Yes,
M275,ASRock X399M Taichi Micro ATX sTR4,ASRock,sTR4,2,1,64,DDR4,4,3,0,0,0,0,2242/2260/2280/22110 M-key,2242/2260/2280 M-key,2230/2242/2260/2280 M-key,None,None,0,2 x 1000 Mbit/s,8,No,2,2,0,0,Yes,2,Yes,
M276,ASRock X399D8A-2T ATX sTR4,ASRock,sTR4,3,1,256,DDR4,8,5,0,1,0,0,2230/2242/2260/2280/22110 M-key,2230/2242/2260/2280/22110 M-key,None,None,None,0,"2 x 1000 Mbit/s, 1 x 10 Gbit/s",6,Yes,1,1,0,0,Yes,1,Yes,
M277,ASRock Fatal1ty X399 Professional Gaming ATX sTR4,ASRock,sTR4,3,1,128,DDR4,8,4,0,0,1,0,2242/2260/2280 M-key,2242/2260/2280 M-key,2230/2242/2260/2280 M-key,2230 E-key,None,0,"2 x 1000 Mbit/s, 1 x 10 Gbit/s",8,No,2,2,0,0,Yes,2,Yes,
M278,Asus ROG Strix X399-E Gaming EATX sTR4,Asus,sTR4,4,1,128,DDR4,8,4,0,1,1,0,2242/2260/2280 M-key,2242/2260/2280/22110 M-key,None,None,None,0,1 x 1000 Mbit/s,6,No,2,2,1,0,Yes,2,Yes,
M279,Asus ROG ZENITH EXTREME EATX sTR4,Asus,sTR4,4,1,128,DDR4,8,4,0,1,1,0,2242/2260/2280 M-key,2242/2260/2280/22110 M-key,2242/2260/2280/22110 M-key,None,None,0,1 x 1000 Mbit/s,6,No,1,2,1,0,Yes,2,Yes,
M280,Asus PRIME X399-A EATX sTR4,Asus,sTR4,4,1,128,DDR4,8,4,0,1,1,0,2242/2260/2280 M-key,2242/2260/2280/22110 M-key,None,None,None,0,1 x 1000 Mbit/s,6,No,2,2,1,0,Yes,1,Yes,
M281,Asus ROG ZENITH EXTREME ALPHA EATX sTR4,Asus,sTR4,4,1,128,DDR4,8,4,0,1,0,0,2242/2260/2280 M-key,2242/2260/2280/22110 M-key,2242/2260/2280/22110 M-key,None,None,0,"1 x 1000 Mbit/s, 1 x 10 Gbit/s",8,No,2,2,1,0,Yes,2,Yes,
M282,Gigabyte X399 AORUS PRO ATX sTR4,Gigabyte,sTR4,3,1,128,DDR4,8,5,0,0,0,0,2260/2280/22110 M-key,2260/2280/22110 M-key,2242/2260/2280 M-key,None,None,0,1 x 1000 Mbit/s,8,No,2,1,1,0,Yes,1,Yes,
M283,Gigabyte X399 DESIGNARE EX ATX sTR4,Gigabyte,sTR4,3,1,128,DDR4,8,5,0,0,0,0,2260/2280/22110 M-key,2260/2280/22110 M-key,2242/2260/2280 M-key,None,None,0,2 x 1000 Mbit/s,8,No,2,1,1,0,Yes,2,Yes,
M284,Gigabyte X399 AORUS XTREME EATX sTR4,Gigabyte,sTR4,4,1,128,DDR4,8,4,0,0,1,0,2260/2280/22110 M-key,2260/2280/22110 M-key,2242/2260/2280 M-key,None,None,0,"2 x 1000 Mbit/s, 1 x 10 Gbit/s",6,No,2,2,1,0,Yes,2,Yes,
M285,Gigabyte X399 AORUS Gaming 7 ATX sTR4,Gigabyte,sTR4,3,1,128,DDR4,8,5,0,0,0,0,2260/2280/22110 M-key,2260/2280/22110 M-key,2242/2260/2280 M-key,None,None,0,1 x 1000 Mbit/s,8,No,2,1,1,0,Yes,2,Yes,
M286,MSI X399 GAMING PRO CARBON AC ATX sTR4,MSI,sTR4,3,1,128,DDR4,8,4,0,0,2,0,2242/2260/2280 M-key,2242/2260/2280/22110 M-key,2242/2260/2280 M-key,None,None,0,1 x 1000 Mbit/s,8,No,2,2,1,0,Yes,2,Yes,
M287,MSI MEG X399 CREATION EATX sTR4,MSI,sTR4,4,1,128,DDR4,8,4,0,0,1,0,2242/2260/2280 M-key,2242/2260/2280/22110 M-key,2242/2260/2280 M-key,None,None,0,2 x 1000 Mbit/s,8,No,2,2,1,0,Yes,2,Yes,
M288,MSI X399 SLI PLUS ATX sTR4,MSI,sTR4,3,1,128,DDR4,8,4,0,0,2,0,2242/2260/2280 M-key,2242/2260/2280/22110 M-key,2242/2260/2280 M-key,None,None,0,1 x 1000 Mbit/s,8,No,2,2,1,0,Yes,1,Yes,
M289,ASRock TRX40 Creator ATX sTRX4,ASRock,sTRX4,3,2,256,DDR4,8,4,0,0,0,0,2260/2280 M-key,2260/2280 M-key,2242/2260/2280/22110 M-key,None,None,0,"1 x 10 Gbit/s, 1 x 2.5 Gbit/s",8,No,1,2,1,0,Yes,3,Yes,
M290,ASRock TRX40 TAICHI ATX sTRX4,ASRock,sTRX4,3,2,256,DDR4,8,3,0,0,1,0,2260/2280 M-key,2260/2280/22110 M-key,None,None,None,0,"1 x 1000 Mbit/s, 1 x 2.5 Gbit/s",8,No,1,2,1,0,Yes,3,Yes,
M291,Asus Prime TRX40-Pro ATX sTRX4,Asus,sTRX4,3,2,256,DDR4,8,3,0,1,0,0,2242/2260/2280/22110 M-key,2242/2260/2280/22110 M-key,2242/2260/2280/22110 M-key,2230 E-key,None,0,1 x 1000 Mbit/s,8,No,2,2,1,0,Yes,1,Yes,
M292,Asus ROG Strix TRX40-E Gaming ATX sTRX4,Asus,sTRX4,3,2,256,DDR4,8,3,0,1,0,0,2242/2260/2280/22110 M-key,2242/2260/2280/22110 M-key,2242/2260/2280/22110 M-key,None,None,0,1 x 1000 Mbit/s,8,No,2,2,1,0,Yes,3,Yes,
M293,Asus ROG STRIX TRX40-XE GAMING ATX sTRX4,Asus,sTRX4,3,2,256,DDR4,8,3,0,1,0,0,2242/2260/2280/22110 M-key,2242/2260/2280/22110 M-key,2242/2260/2280/22110 M-key,None,None,0,"1 x 1000 Mbit/s, 1 x 2.5 Gbit/s",8,No,2,2,1,0,Yes,3,Yes,
M294,Asus ROG ZENITH II EXTREME ALPHA EATX sTRX4,Asus,sTRX4,4,2,256,DDR4,8,4,0,0,0,0,2242/2260/2280 M-key,2242/2260/2280 M-key,2242/2260/2280 M-key,2242/2260/2280/22110 M-key,2242/2260/2280/22110 M-key,0,"1 x 1000 Mbit/s, 1 x 10 Gbit/s",8,No,2,2,2,0,Yes,3,Yes,
M295,Asus Zenith II Extreme EATX sTRX4,Asus,sTRX4,4,2,256,DDR4,8,4,0,0,0,0,2242/2260/2280 M-key,2242/2260/2280 M-key,2242/2260/2280 M-key,2242/2260/2280/22110 M-key,2242/2260/2280/22110 M-key,0,1 x 1000 Mbit/s,8,No,2,2,2,0,Yes,3,Yes,
M296,Gigabyte TRX40 AORUS MASTER EATX sTRX4,Gigabyte,sTRX4,4,2,256,DDR4,8,4,0,0,1,0,2260/2280/22110 M-key,2280 M-key,2280 M-key,None,None,0,"1 x 1000 Mbit/s, 1 x 5 Gbit/s",8,No,2,2,1,0,Yes,3,Yes,
M297,Gigabyte TRX40 AORUS PRO WIFI ATX sTRX4,Gigabyte,sTRX4,3,2,256,DDR4,8,4,0,0,1,0,2260/2280/22110 M-key,2280 M-key,2280 M-key,None,None,0,1 x 1000 Mbit/s,8,No,2,2,1,0,Yes,3,Yes,
M298,Gigabyte TRX40 AORUS XTREME XL ATX sTRX4,Gigabyte,sTRX4,5,2,256,DDR4,8,4,0,0,0,0,2260/2280/22110 M-key,2280/22110 M-key,2280/22110 M-key,2280 M-key,None,0,2 x 10 Gbit/s,10,No,1,2,1,0,Yes,3,Yes,
M299,Gigabyte TRX40 DESIGNARE XL ATX sTRX4,Gigabyte,sTRX4,5,2,256,DDR4,8,4,0,0,1,0,2260/2280/22110 M-key,2280 M-key,2280/22110 M-key,2280 M-key,None,0,2 x 1000 Mbit/s,8,No,2,2,1,0,Yes,3,Yes,
M300,MSI Creator TRX40 EATX sTRX4,MSI,sTRX4,4,2,256,DDR4,8,4,0,0,0,0,2242/2260/2280 M-key,2242/2260/2280/22110 M-key,2242/2260/2280 M-key,2230 E-key,None,0,"1 x 1000 Mbit/s, 1 x 10 Gbit/s",6,No,2,2,1,0,Yes,3,Yes,
M301,MSI TRX40 PRO 10G ATX sTRX4,MSI,sTRX4,3,2,256,DDR4,8,4,0,0,1,0,2242/2260/2280/22110 M-key,2242/2260/2280 M-key,None,None,None,0,2 x 1000 Mbit/s,8,No,2,2,1,0,Yes,1,Yes,
M302,MSI TRX40 PRO WIFI ATX sTRX4,MSI,sTRX4,3,2,256,DDR4,8,4,0,0,1,0,2242/2260/2280/22110 M-key,2242/2260/2280 M-key,2230 E-key,None,None,0,2 x 1000 Mbit/s,8,No,2,2,1,0,Yes,3,Yes,
M303,ASRock B560 Pro4 ATX LGA1200,ASRock,LGA1200,3,4,128,DDR4,4,2,0,0,2,0,2242/2260/2280 M-key,2242/2260/2280 M-key,2280/22110 M-key,2230 E-key,None,0,1 x 1000 Mbit/s,6,Depends on CPU,1,2,1,0,No,1,No,
M304,ASRock B560M PRO4 Micro ATX LGA1200,ASRock,LGA1200,2,4,128,DDR4,4,2,0,0,1,0,2242/2260/2280 M-key,2280 M-key,2230 E-key,None,None,0,1 x 1000 Mbit/s,6,Depends on CPU,2,1,1,0,No,1,No,
M305,ASRock B560 Steel Legend ATX LGA1200,ASRock,LGA1200,3,4,128,DDR4,4,2,0,0,2,0,2260/2280 M-key,2260/2280 M-key,2260/2280/22110 M-key,None,None,0,1 x 2.5 Gbit/s,6,Depends on CPU,1,1,0,1,No,1,No,
M306,ASRock B560M-HDV Micro ATX LGA1200,ASRock,LGA1200,2,4,64,DDR4,2,1,0,0,2,0,2260/2280 M-key,2260/2280 M-key,None,None,None,0,1 x 1000 Mbit/s,4,Depends on CPU,2,1,0,0,No,1,No,
M307,ASRock B560M Steel Legend Micro ATX LGA1200,ASRock,LGA1200,3,4,128,DDR4,4,1,0,0,2,0,2242/2260/2280 M-key,2280 M-key,2230 E-key,None,None,0,1 x 2.5 Gbit/s,6,Depends on CPU,2,1,0,1,No,1,No,
M308,Asus PRIME B560-PLUS ATX LGA1200,Asus,LGA1200,3,4,128,DDR4,4,2,0,0,2,0,None,None,None,None,None,0,1 x 1000 Mbit/s,6,Depends on CPU,2,1,0,0,No,1,No,
M309,Asus PRIME B560M-A Micro ATX LGA1200,Asus,LGA1200,2,4,128,DDR4,4,2,0,0,1,0,2242/2260/2280 M-key,2242/2260/2280 M-key,2230 E-key,None,None,0,1 x 1000 Mbit/s,6,Depends on CPU,2,2,0,0,No,1,No,
M310,Asus TUF GAMING B560M-PLUS WIFI Micro ATX LGA1200,Asus,LGA1200,2,4,128,DDR4,4,2,0,0,1,0,2242/2260/2280 M-key,2242/2260/2280 M-key,None,None,None,0,1 x 2.5 Gbit/s,6,Depends on CPU,2,1,1,0,No,3,No,
M311,Gigabyte B560 AORUS PRO AX ATX LGA1200,Gigabyte,LGA1200,3,4,128,DDR4,4,3,0,0,0,0,2260/2280/22110 M-key,2260/2280/22110 M-key,2260/2280 M-key,None,None,0,1 x 2.5 Gbit/s,6,Depends on CPU,2,1,1,0,No,3,No,
M312,Gigabyte B560M AORUS ELITE Micro ATX LGA1200,Gigabyte,LGA1200,2,4,128,DDR4,4,2,0,0,1,0,2260/2280 M-key,2260/2280/22110 M-key,None,None,None,0,1 x 2.5 Gbit/s,6,Depends on CPU,2,1,1,0,No,1,No,
M313,Gigabyte B560M AORUS PRO AX Micro ATX LGA1200,Gigabyte,LGA1200,2,4,128,DDR4,4,2,0,0,1,0,2260/2280 M-key,2260/2280/22110 M-key,None,None,None,0,1 x 2.5 Gbit/s,6,Depends on CPU,2,1,1,0,No,3,No,
M314,Gigabyte B560M DS3H AC Micro ATX LGA1200,Gigabyte,LGA1200,2,4,128,DDR4,4,1,0,0,2,0,2260/2280/22110 M-key,2260/2280 M-key,None,None,None,0,1 x 1000 Mbit/s,6,Depends on CPU,2,1,0,0,No,2,No,
M315,ASRock Fatal1ty H270 Performance ATX LGA1151,ASRock,LGA 1151,3,1,64,DDR4,4,2,0,0,4,0,2230 E-key,2230/2242/2260/2280 M-key,2230/2242/2260/2280 M-key,None,None,0,1 x 1000 Mbit/s,6,Depends on CPU,3,2,0,0,No,1,Yes,
M316,ASRock Fatal1ty H270M Performance Micro ATX LGA1151,ASRock,LGA 1151,2,1,64,DDR4,4,2,0,0,2,0,2230/2242/2260/2280 M-key,2230/2242/2260/2280 M-key,None,None,None,0,1 x 1000 Mbit/s,6,Depends on CPU,2,2,0,0,No,1,Yes,
M317,ASRock H270 Pro4 ATX LGA1151,ASRock,LGA 1151,3,1,64,DDR4,4,2,0,0,3,1,2230 E-key,2230/2242/2260/2280 M-key,2230/2242/2260/2280 M-key,None,None,0,1 x 1000 Mbit/s,6,Depends on CPU,3,1,0,0,No,1,Yes,
M318,ASRock H270M Pro4 Micro ATX LGA1151,ASRock,LGA 1151,3,1,64,DDR4,4,2,0,0,2,0,2230/2242/2260/2280 M-key,2230/2242/2260/2280 M-key,None,None,None,0,1 x 1000 Mbit/s,6,Depends on CPU,2,2,0,0,No,1,Yes,
M319,Asus PRIME H270-PRO ATX LGA1151,Asus,LGA 1151,3,1,64,DDR4,4,2,0,0,2,2,2242/2260/2280 M-key,2242/2260/2280/22110 M-key,None,None,None,0,1 x 1000 Mbit/s,6,Depends on CPU,2,2,0,0,No,1,Yes,
M320,Asus PRIME H270M-PLUS Micro ATX LGA1151,Asus,LGA 1151,2,1,64,DDR4,4,2,0,0,2,0,2242/2260/2280 M-key,2242/2260/2280 M-key,None,None,None,0,1 x 1000 Mbit/s,6,Depends on CPU,2,2,0,0,No,1,Yes,
M321,Asus STRIX H270F GAMING ATX LGA1151 Motherboard,Asus,LGA 1151,2,1,64,DDR4,4,2,0,0,2,0,2242/2260/2280 M-key,2242/2260/2280 M-key,None,None,None,0,1 x 1000 Mbit/s,4,Depends on CPU,2,2,0,0,No,1,Yes,
M322,Asus ROG STRIX H270I GAMING Mini ITX LGA1151,Asus,LGA 1151,1,1,32,DDR4,2,1,0,0,0,0,2242/2260/2280 M-key,2242/2260/2280 M-key,None,None,None,0,1 x 1000 Mbit/s,4,Depends on CPU,0,1,0,0,No,2,Yes,
M323,Gigabyte GA-H270-Gaming 3 ATX LGA1151,Gigabyte,LGA 1151,3,1,64,DDR4,4,2,0,0,2,2,2242/2260/2280/22110 M-key,2242/2260/2280 M-key,None,None,None,0,1 x 1000 Mbit/s,6,Depends on CPU,2,2,0,0,No,1,Yes,
M324,Gigabyte GA-H270-HD3 ATX LGA1151,Gigabyte,LGA 1151,3,1,64,DDR4,4,3,0,0,2,1,2242/2260/2280/22110 M-key,None,None,None,None,0,1 x 1000 Mbit/s,6,Depends on CPU,2,2,0,0,No,1,Yes,
M325,Gigabyte GA-H270M-DS3H Micro ATX LGA1151,Gigabyte,LGA 1151,2,1,64,DDR4,4,2,0,0,2,0,2242/2260/2280/22110 M-key,None,None,None,None,0,1 x 1000 Mbit/s,6,Depends on CPU,2,2,0,0,No,1,Yes,
M326,Gigabyte GA-H270N-WIFI Mini ITX LGA1151,Gigabyte,LGA 1151,1,1,32,DDR4,2,1,0,0,0,0,2230 M-key,2260/2280 M-key,None,None,None,0,1 x 1000 Mbit/s,6,Depends on CPU,1,1,0,0,No,2,Yes,
M327,MSI H270 GAMING M3 ATX LGA1151,MSI,LGA 1151,3,1,64,DDR4,4,2,0,0,4,0,2242/2260/2280/22110 M-key,2242/2260/2280 M-key,None,None,None,0,1 x 1000 Mbit/s,6,Depends on CPU,2,2,0,0,No,1,Yes,
M328,MSI H270-A PRO ATX LGA1151,MSI,LGA 1151,3,1,64,DDR4,4,2,0,0,4,0,2242/2260/2280/22110 M-key,None,None,None,None,0,1 x 1000 Mbit/s,6,Depends on CPU,2,2,0,0,No,1,Yes,
M329,MSI H270I GAMING PRO AC Mini ITX LGA1151,MSI,LGA 1151,1,1,32,DDR4,2,1,0,0,0,0,2242/2260/2280 M-key,None,None,None,None,0,1 x 1000 Mbit/s,4,Depends on CPU,1,1,0,0,No,2,Yes,
M330,MSI H270M BAZOOKA Micro ATX LGA1151,MSI,LGA 1151,2,1,64,DDR4,4,1,0,0,2,0,2242/2260/2280 M-key,None,None,None,None,0,1 x 1000 Mbit/s,6,Depends on CPU,2,1,0,0,No,1,Yes,
M331,ASRock Fatal1ty Z270 Gaming K6 ATX LGA1151,ASRock,LGA 1151,3,2,64,DDR4,4,3,0,0,3,0,2230/2242/2260/2280 M-key,2230/2242/2260/2280/22110 M-key,None,None,None,0,2 x 1000 Mbit/s,8,Depends on CPU,3,2,0,0,No,1,Yes,
M332,ASRock Z270 Extreme4 ATX LGA1151,ASRock,LGA 1151,3,2,64,DDR4,4,3,0,0,3,0,2230 E-key,2230/2242/2260/2280 M-key,2230/2242/2260/2280/22110 M-key,None,None,0,1 x 1000 Mbit/s,8,Depends on CPU,3,2,0,0,No,1,Yes,
M333,ASRock Z270 Taichi ATX LGA1151,ASRock,LGA 1151,3,2,64,DDR4,4,4,0,0,1,0,2230/2242/2260/2280 M-key,2230/2242/2260/2280 M-key,2230/2242/2260/2280 M-key,None,None,0,2 x 1000 Mbit/s,10,Depends on CPU,3,2,0,0,No,2,Yes,
M334,ASRock Z270M Pro4 Micro ATX LGA1151,ASRock,LGA 1151,2,2,64,DDR4,4,2,0,0,2,0,2230/2242/2260/2280 M-key,2230/2242/2260/2280 M-key,None,None,None,0,1 x 1000 Mbit/s,6,Depends on CPU,3,2,0,0,No,1,Yes,
M335,Asus MAXIMUS IX CODE ATX LGA1151,Asus,LGA 1151,3,2,64,DDR4,4,3,0,0,3,0,2242/2260/2280/22110 M-key,2242/2260/2280 M-key,None,None,None,0,1 x 1000 Mbit/s,6,Depends on CPU,1,1,0,0,No,2,Yes,
M336,Asus PRIME Z270-A ATX LGA1151,Asus,LGA 1151,3,2,64,DDR4,4,3,0,0,4,0,2242/2260/2280 M-key,2242/2260/2280/22110 M-key,None,None,None,0,1 x 1000 Mbit/s,6,Depends on CPU,3,1,0,0,No,1,Yes,
M337,Asus PRIME Z270M-PLUS Micro ATX LGA1151,Asus,LGA 1151,2,2,64,DDR4,4,2,0,0,2,0,2242/2260/2280 M-key,2242/2260/2280 M-key,None,None,None,0,1 x 1000 Mbit/s,4,Depends on CPU,2,2,0,0,No,1,Yes,
M338,Asus STRIX Z270-E GAMING ATX LGA1151,Asus,LGA 1151,3,2,64,DDR4,4,3,0,0,4,0,2242/2260/2280 M-key,2242/2260/2280/22110 M-key,None,None,None,0,1 x 1000 Mbit/s,6,Depends on CPU,3,1,0,0,No,2,Yes,
M339,Gigabyte GA-Z270-Gaming K3 ATX LGA1151,Gigabyte,LGA 1151,3,2,64,DDR4,4,3,0,0,3,0,2242/2260/2280/22110 M-key,None,None,None,None,0,1 x 1000 Mbit/s,6,Depends on CPU,2,2,0,0,No,1,Yes,
M340,Gigabyte GA-Z270M-D3H Micro ATX LGA1151,Gigabyte,LGA 1151,2,2,64,DDR4,4,2,0,0,0,2,2242/2260/2280/22110 M-key,None,None,None,None,0,1 x 1000 Mbit/s,6,Depends on CPU,2,1,0,0,No,1,Yes,
M341,Gigabyte GA-Z270P-D3 ATX LGA1151,Gigabyte,LGA 1151,3,2,64,DDR4,4,3,0,0,3,0,2242/2260/2280 M-key,None,None,None,None,0,1 x 1000 Mbit/s,6,Depends on CPU,2,1,0,0,No,1,Yes,
M342,Gigabyte GA-Z270X-UD5 ATX LGA1151,Gigabyte,LGA 1151,3,2,64,DDR4,4,3,0,0,3,0,2242/2260/2280/22110 M-key,None,None,None,None,0,2 x 1000 Mbit/s,6,Depends on CPU,2,2,0,0,No,1,Yes,
M343,MSI Z270 GAMING M7 ATX LGA1151,MSI,LGA 1151,3,2,64,DDR4,4,3,0,0,3,0,2242/2260/2280/22110 M-key,2242/2260/2280 M-key,2242/2260/2280 M-key,None,None,0,1 x 1000 Mbit/s,6,Depends on CPU,2,2,0,0,No,1,Yes,
M344,MSI Z270 GAMING PRO CARBON ATX LGA1151,MSI,LGA 1151,3,2,64,DDR4,4,3,0,0,3,0,2242/2260/2280/22110 M-key,2242/2260/2280 M-key,None,None,None,0,1 x 1000 Mbit/s,6,Depends on CPU,2,2,0,0,No,1,Yes,
M345,MSI Z270 TOMAHAWK ATX LGA1151,MSI,LGA 1151,3,2,64,DDR4,4,3,0,0,3,0,2242/2260/2280/22110 M-key,2242/2260/2280 M-key,None,None,None,0,1 x 1000 Mbit/s,6,Depends on CPU,2,2,0,0,No,1,Yes,
M346,MSI Z270M MORTAR Micro ATX LGA1151,MSI,LGA 1151,2,2,64,DDR4,4,2,0,0,2,0,2242/2260/2280/22110 M-key,None,None,None,None,0,1 x 1000 Mbit/s,6,Depends on CPU,2,2,0,0,No,1,Yes,
M347,ASRock Z370 Killer SLI/ac ATX LGA1151,ASRock,LGA 1151,3,3,64,DDR4,4,2,0,0,4,0,2230/2242/2260/2280 M-key,2230/2242/2260/2280 M-key,2230 E-key,None,None,0,1 x 1000 Mbit/s,6,Depends on CPU,2,1,1,0,No,2,Yes,
M348,ASRock Z370 Pro4 ATX LGA1151,ASRock,LGA 1151,3,3,64,DDR4,4,2,0,0,3,1,2230/2242/2260/2280 M-key,2230/2242/2260/2280 M-key,2230 E-key,None,None,0,1 x 1000 Mbit/s,6,Depends on CPU,3,1,0,0,No,1,Yes,
M349,ASRock Z370M-ITX/ac Mini ITX LGA1151,ASRock,LGA 1151,1,3,32,DDR4,2,1,0,0,0,0,2230/2242/2260/2280 M-key,None,None,None,None,0,2 x 1000 Mbit/s,6,Depends on CPU,1,1,0,0,No,2,Yes,
M350,ASRock Z370 Extreme4 ATX LGA1151,ASRock,LGA 1151,3,3,64,DDR4,4,3,0,0,3,0,2230/2242/2260/2280 M-key,2230/2242/2260/2280/22110 M-key,2230 E-key,None,None,0,1 x 1000 Mbit/s,8,Depends on CPU,3,2,1,0,No,1,Yes,
M351,Asus Prime Z370-A ATX LGA1151,Asus,LGA 1151,3,3,64,DDR4,4,3,0,0,4,0,2242/2260/2280 M-key,2242/2260/2280 M-key,None,None,None,0,1 x 1000 Mbit/s,6,Depends on CPU,2,2,0,0,No,1,Yes,
M352,Asus ROG STRIX Z370-E GAMING ATX LGA1151,Asus,LGA 1151,3,3,64,DDR4,3,0,0,4,0,0,2242/2260/2280 M-key,2242/2260/2280 M-key,None,None,None,0,1 x 1000 Mbit/s,6,Depends on CPU,2,2,1,0,No,2,Yes,
M353,Asus Prime Z370-P ATX LGA1151,Asus,LGA 1151,3,3,64,DDR4,4,2,0,0,4,0,2242/2260/2280 M-key,2242/2260/2280 M-key,None,None,None,0,1 x 1000 Mbit/s,4,Depends on CPU,2,2,0,0,No,1,Yes,
M354,Asus ROG Strix Z370-I Gaming Mini ITX LGA1151 ,Asus,LGA 1151,1,3,32,DDR4,2,1,0,0,0,0,2242/2260/2280 M-key,2242/2260/2280 M-key,None,None,None,0,1 x 1000 Mbit/s,4,Depends on CPU,1,1,1,0,No,2,Yes,
M355,Gigabyte Z370XP SLI (rev. 1.0) ATX LGA1151,Gigabyte,LGA 1151,3,3,64,DDR4,4,3,0,0,3,0,2242/2260/2280/22110 M-key,2242/2260/2280 M-key,None,None,None,0,1 x 1000 Mbit/s,6,Depends on CPU,2,2,0,0,No,1,Yes,
M356,Gigabyte Z370 AORUS Gaming 3 (rev. 1.0) ATX LGA1151,Gigabyte,LGA 1151,3,3,64,DDR4,2,0,0,4,0,0,2242/2260/2280/22110 M-key,2242/2260/2280 M-key,None,None,None,0,1 x 1000 Mbit/s,6,Depends on CPU,2,1,1,0,No,1,Yes,
M357,Gigabyte Z370 HD3 (rev. 1.0) ATX LGA1151,Gigabyte,LGA 1151,3,3,64,DDR4,4,3,0,0,3,0,2242/2260/2280/22110 M-key,None,None,None,None,0,1 x 1000 Mbit/s,6,Depends on CPU,2,2,0,0,No,1,Yes,
M358,Gigabyte Z370P D3 ATX LGA1151,Gigabyte,LGA 1151,3,3,64,DDR4,4,3,0,0,3,0,2242/2260/2280/22110 M-key,None,None,None,None,0,1 x 1000 Mbit/s,6,Depends on CPU,1,1,0,0,No,1,Yes,
M359,MSI Z370 GAMING PRO CARBON ATX LGA1151,MSI,LGA 1151,3,3,64,DDR4,4,3,0,0,3,0,2242/2260/2280/22110 M-key,2242/2260/2280 M-key,None,None,None,0,1 x 1000 Mbit/s,6,Depends on CPU,2,2,0,0,No,1,Yes,
M360,MSI Z370 GAMING PLUS ATX LGA1151,MSI,LGA 1151,3,3,64,DDR4,4,2,0,0,4,0,2242/2260/2280/22110 M-key,None,None,None,None,0,1 x 1000 Mbit/s,6,Depends on CPU,2,2,0,0,No,1,Yes,
M361,MSI Z370M MORTAR Micro ATX LGA1151,MSI,LGA 1151,2,3,64,DDR4,4,2,0,0,2,0,2242/2260/2280 M-key,2280 M-key,None,None,None,0,1 x 1000 Mbit/s,4,Depends on CPU,2,2,0,0,No,1,Yes,
M362,MSI Z370-A PRO ATX LGA1151,MSI,LGA 1151,3,3,64,DDR4,4,2,0,0,4,0,2242/2260/2280/22110 M-key,None,None,None,None,0,1 x 1000 Mbit/s,6,Depends on CPU,2,2,0,0,No,1,Yes,
M363,ASRock Z390 Phantom Gaming 9 ATX LGA1151,ASRock,LGA 1151,3,4,128,DDR4,4,3,0,0,2,0,2230/2242/2260/2280 M-key,2230/2242/2260/2280/22110 M-key,2230/2242/2260/2280/22110 M-key,None,None,0,2 x 1000 Mbit/s,6,Depends on CPU,2,2,1,0,No,2,Yes,
M364,ASRock Z390 Pro4 ATX LGA1151,ASRock,LGA 1151,3,4,128,DDR4,4,2,0,0,3,0,2230/2242/2260/2280 M-key,2230 E-key,2230/2242/2260/2280/22110 M-key,None,None,0,1 x 1000 Mbit/s,6,Depends on CPU,2,2,0,0,No,1,Yes,
M365,ASRock Z390 Taichi ATX LGA1151,ASRock,LGA 1151,3,4,128,DDR4,4,3,0,0,2,0,2242/2260/2280 M-key,2242/2260/2280/22110 M-key,2242/2260/2280/22110 M-key,2230 E-key,None,0,1 x 1000 Mbit/s,6,Depends on CPU,2,2,1,0,No,2,Yes,
M366,ASRock Z390 Extreme4 ATX LGA1151,ASRock,LGA 1151,3,4,128,DDR4,4,3,0,0,3,0,2230/2242/2260/2280 M-key,2230/2242/2260/2280/22110 M-key,2230 E-key,None,None,0,1 x 1000 Mbit/s,8,Depends on CPU,2,2,1,0,No,1,Yes,
M367,Asus PRIME Z390-A ATX LGA1151,Asus,LGA 1151,3,4,128,DDR4,4,3,0,0,3,0,2242/2260/2280 M-key,2242/2260/2280/22110 M-key,None,None,None,0,1 x 1000 Mbit/s,6,Depends on CPU,3,1,1,0,No,1,Yes,
M368,Asus ROG MAXIMUS XI APEX ATX LGA1151,Asus,LGA 1151,3,4,64,DDR4,2,3,0,0,1,0,2242/2260/2280/22110 M-key,2242/2260/2280/22110 M-key,None,None,None,0,2 x 1000 Mbit/s,6,Depends on CPU,2,2,1,0,No,2,Yes,
M369,Asus ROG STRIX Z390-E GAMING ATX LGA1151,Asus,LGA 1151,3,4,128,DDR4,4,3,0,0,3,0,2242/2260/2280 M-key,2242/2260/2280/22110 M-key,None,None,None,0,1 x 1000 Mbit/s,6,Depends on CPU,2,1,1,0,No,2,Yes,
M370,Asus TUF Z390-PLUS GAMING ATX LGA1151,Asus,LGA 1151,3,4,128,DDR4,4,2,0,0,4,0,2242/2260/2280 M-key,2242/2260/2280/22110 M-key,None,None,None,0,1 x 1000 Mbit/s,6,Depends on CPU,2,2,0,0,No,1,Yes,
M371,Gigabyte Z390 GAMING X ATX LGA1151,Gigabyte,LGA 1151,3,4,128,DDR4,4,2,0,0,4,0,2242/2260/2280/22110 M-key,2242/2260/2280 M-key,None,None,None,0,1 x 1000 Mbit/s,6,Depends on CPU,1,1,0,0,No,1,Yes,
M372,Gigabyte Z390 AORUS PRO WIFI ATX LGA1151,Gigabyte,LGA 1151,3,4,128,DDR4,4,3,0,0,3,0,2242/2260/2280/22110 M-key,2242/2260/2280 M-key,None,None,None,0,1 x 1000 Mbit/s,6,Depends on CPU,2,1,1,0,No,2,Yes,
M373,Gigabyte Z390 UD ATX LGA1151,Gigabyte,LGA 1151,3,4,128,DDR4,4,3,0,0,3,0,2230/2242/2260/2280/22110 M-key,None,None,None,None,0,1 x 1000 Mbit/s,6,Depends on CPU,1,1,0,0,No,1,Yes,
M374,Gigabyte Z390 AORUS ELITE ATX LGA1151,Gigabyte,LGA 1151,3,4,128,DDR4,4,2,0,0,4,0,2242/2260/2280/22110 M-key,2242/2260/2280 M-key,None,None,None,0,1 x 1000 Mbit/s,6,Depends on CPU,2,1,1,0,No,1,Yes,
M375,MSI Z390-A PRO ATX LGA1151,MSI,LGA 1151,3,4,128,DDR4,4,2,0,0,4,0,2242/2260/2280/22110 M-key,2230 E-key,None,None,None,0,1 x 1000 Mbit/s,6,Depends on CPU,2,2,0,0,No,1,Yes,
M376,MSI MPG Z390 GAMING EDGE AC ATX LGA1151 ,MSI,LGA 1151,3,4,128,DDR4,4,3,0,0,3,0,2242/2260/2280/22110 M-key,2242/2260/2280/22110 M-key,None,None,None,0,1 x 1000 Mbit/s,6,Depends on CPU,2,2,1,0,No,2,Yes,
M377,MSI MPG Z390 GAMING PLUS ATX LGA1151,MSI,LGA 1151,3,4,128,DDR4,4,2,0,0,4,0,2242/2260/2280/22110 M-key,2230 M-key,2242/2260/2280 M-key,None,None,0,1 x 1000 Mbit/s,6,Depends on CPU,2,2,0,0,No,1,Yes,
M378,MSI MPG Z390 GAMING PRO CARBON ATX LGA1151 ,MSI,LGA 1151,3,4,128,DDR4,4,3,0,0,3,0,2242/2260/2280/22110 M-key,2242/2260/2280/22110 M-key,None,None,None,0,1 x 1000 Mbit/s,6,Depends on CPU,2,2,1,0,No,1,Yes,